,rw,rw,rw,rw,rw,rw,rw,rw,rw,rw,rw,en,en,en,en,en,en,en,en,en,en,en
,Rwanda,Paul_Kagame,Umuganda,Uburezi_mu_Rwanda,Kigali,Ubukungu_bw%27U_Rwanda,Ikinyarwanda,Rose_Kabuye,Louise_Mushikiwabo,Agnes_Binagwaho,Paul_Rusesabagina,Rwanda,Paul_Kagame,Umuganda,Education_in_Rwanda,Kigali,Economy_of_Rwanda,Kinyarwanda,Rose_Kabuye,Louise_Mushikiwabo,Agnes_Binagwaho,Paul_Rusesabagina
2017-01-01,63,,,,,,,,,,,2711,,,,,,,,,,
2017-01-02,87,,,,,,,,,,,2911,,,,,,,,,,
2017-01-03,100,,,,,,,,,,,3292,,,,,,,,,,
2017-01-04,83,,,,,,,,,,,2909,,,,,,,,,,
2017-01-05,85,,,,,,,,,,,2930,,,,,,,,,,
2017-01-06,65,,,,,,,,,,,3143,,,,,,,,,,
2017-01-07,93,,,,,,,,,,,3091,,,,,,,,,,
2017-01-08,89,,,,,,,,,,,4969,,,,,,,,,,
2017-01-09,127,,,,,,,,,,,4264,,,,,,,,,,
2017-01-10,107,,,,,,,,,,,3795,,,,,,,,,,
2017-01-11,108,,,,,,,,,,,3520,,,,,,,,,,
2017-01-12,83,,,,,,,,,,,5365,,,,,,,,,,
2017-01-13,87,,,,,,,,,,,4380,,,,,,,,,,
2017-01-14,58,,,,,,,,,,,3064,,,,,,,,,,
2017-01-15,97,,,,,,,,,,,3219,,,,,,,,,,
2017-01-16,111,,,,,,,,,,,4115,,,,,,,,,,
2017-01-17,79,,,,,,,,,,,3689,,,,,,,,,,
2017-01-18,109,,,,,,,,,,,3759,,,,,,,,,,
2017-01-19,109,,,,,,,,,,,3889,,,,,,,,,,
2017-01-20,83,,,,,,,,,,,3221,,,,,,,,,,
2017-01-21,62,,,,,,,,,,,2648,,,,,,,,,,
2017-01-22,55,,,,,,,,,,,2964,,,,,,,,,,
2017-01-23,58,,,,,,,,,,,3440,,,,,,,,,,
2017-01-24,56,,,,,,,,,,,3716,,,,,,,,,,
2017-01-25,54,,,,,,,,,,,3889,,,,,,,,,,
2017-01-26,95,,,,,,,,,,,3670,,,,,,,,,,
2017-01-27,73,,,,,,,,,,,3212,,,,,,,,,,
2017-01-28,98,,,,,,,,,,,3071,,,,,,,,,,
2017-01-29,79,,,,,,,,,,,3291,,,,,,,,,,
2017-01-30,92,,,,,,,,,,,3542,,,,,,,,,,
2017-01-31,71,,,,,,,,,,,3295,,,,,,,,,,
2017-02-01,105,,,,,,,,,,,3232,,,,,,,,,,
2017-02-02,79,,,,,,,,,,,3404,,,,,,,,,,
2017-02-03,91,,,,,,,,,,,3264,,,,,,,,,,
2017-02-04,80,,,,,,,,,,,2656,,,,,,,,,,
2017-02-05,84,,,,,,,,,,,2900,,,,,,,,,,
2017-02-06,58,,,,,,,,,,,3143,,,,,,,,,,
2017-02-07,87,,,,,,,,,,,3441,,,,,,,,,,
2017-02-08,81,,,,,,,,,,,3333,,,,,,,,,,
2017-02-09,105,,,,,,,,,,,3381,,,,,,,,,,
2017-02-10,99,,,,,,,,,,,3316,,,,,,,,,,
2017-02-11,109,,,,,,,,,,,2945,,,,,,,,,,
2017-02-12,89,,,,,,,,,,,3650,,,,,,,,,,
2017-02-13,114,,,,,,,,,,,3825,,,,,,,,,,
2017-02-14,104,,,,,,,,,,,3446,,,,,,,,,,
2017-02-15,105,,,,,,,,,,,3519,,,,,,,,,,
2017-02-16,81,,,,,,,,,,,3603,,,,,,,,,,
2017-02-17,57,,,,,,,,,,,3219,,,,,,,,,,
2017-02-18,87,,,,,,,,,,,2917,,,,,,,,,,
2017-02-19,63,,,,,,,,,,,3229,,,,,,,,,,
2017-02-20,51,,,,,,,,,,,3967,,,,,,,,,,
2017-02-21,164,,,,,,,,,,,6624,,,,,,,,,,
2017-02-22,84,,,,,,,,,,,4957,,,,,,,,,,
2017-02-23,119,,,,,,,,,,,4001,,,,,,,,,,
2017-02-24,120,,,,,,,,,,,3372,,,,,,,,,,
2017-02-25,67,,,,,,,,,,,2917,,,,,,,,,,
2017-02-26,82,,,,,,,,,,,2982,,,,,,,,,,
2017-02-27,85,,,,,,,,,,,3788,,,,,,,,,,
2017-02-28,79,,,,,,,,,,,3644,,,,,,,,,,
2017-03-01,88,,,,,,,,,,,3349,,,,,,,,,,
2017-03-02,72,,,,,,,,,,,3526,,,,,,,,,,
2017-03-03,56,,,,,,,,,,,4827,,,,,,,,,,
2017-03-04,52,,,,,,,,,,,3630,,,,,,,,,,
2017-03-05,168,,,,,,,,,,,3353,,,,,,,,,,
2017-03-06,55,,,,,,,,,,,3574,,,,,,,,,,
2017-03-07,48,,,,,,,,,,,3636,,,,,,,,,,
2017-03-08,63,,,,,,,,,,,4071,,,,,,,,,,
2017-03-09,71,,,,,,,,,,,3631,,,,,,,,,,
2017-03-10,50,,,,,,,,,,,3414,,,,,,,,,,
2017-03-11,60,,,,,,,,,,,3525,,,,,,,,,,
2017-03-12,97,,,,,,,,,,,3153,,,,,,,,,,
2017-03-13,90,,,,,,,,,,,3334,,,,,,,,,,
2017-03-14,74,,,,,,,,,,,3418,,,,,,,,,,
2017-03-15,85,,,,,,,,,,,3425,,,,,,,,,,
2017-03-16,115,,,,,,,,,,,3227,,,,,,,,,,
2017-03-17,67,,,,,,,,,,,2989,,,,,,,,,,
2017-03-18,56,,,,,,,,,,,2768,,,,,,,,,,
2017-03-19,122,,,,,,,,,,,2894,,,,,,,,,,
2017-03-20,71,,,,,,,,,,,4318,,,,,,,,,,
2017-03-21,82,,,,,,,,,,,5105,,,,,,,,,,
2017-03-22,66,,,,,,,,,,,3531,,,,,,,,,,
2017-03-23,87,,,,,,,,,,,3626,,,,,,,,,,
2017-03-24,63,,,,,,,,,,,3112,,,,,,,,,,
2017-03-25,83,,,,,,,,,,,2672,,,,,,,,,,
2017-03-26,68,,,,,,,,,,,3322,,,,,,,,,,
2017-03-27,71,,,,,,,,,,,3427,,,,,,,,,,
2017-03-28,108,,,,,,,,,,,3423,,,,,,,,,,
2017-03-29,95,,,,,,,,,,,4879,,,,,,,,,,
2017-03-30,66,,,,,,,,,,,3204,,,,,,,,,,
2017-03-31,65,,,,,,,,,,,3024,,,,,,,,,,
2017-04-01,57,,,,,,,,,,,2527,,,,,,,,,,
2017-04-02,83,,,,,,,,,,,3555,,,,,,,,,,
2017-04-03,68,,,,,,,,,,,3747,,,,,,,,,,
2017-04-04,95,,,,,,,,,,,3503,,,,,,,,,,
2017-04-05,71,,,,,,,,,,,3569,,,,,,,,,,
2017-04-06,70,,,,,,,,,,,5554,,,,,,,,,,
2017-04-07,201,,,,,,,,,,,5603,,,,,,,,,,
2017-04-08,87,,,,,,,,,,,3095,,,,,,,,,,
2017-04-09,93,,,,,,,,,,,4123,,,,,,,,,,
2017-04-10,106,,,,,,,,,,,3663,,,,,,,,,,
2017-04-11,93,,,,,,,,,,,3293,,,,,,,,,,
2017-04-12,138,,,,,,,,,,,3207,,,,,,,,,,
2017-04-13,131,,,,,,,,,,,3187,,,,,,,,,,
2017-04-14,98,,,,,,,,,,,2959,,,,,,,,,,
2017-04-15,115,,,,,,,,,,,2914,,,,,,,,,,
2017-04-16,73,,,,,,,,,,,3700,,,,,,,,,,
2017-04-17,92,,,,,,,,,,,3640,,,,,,,,,,
2017-04-18,94,,,,,,,,,,,3654,,,,,,,,,,
2017-04-19,80,,,,,,,,,,,3941,,,,,,,,,,
2017-04-20,173,,,,,,,,,,,5774,,,,,,,,,,
2017-04-21,77,,,,,,,,,,,3441,,,,,,,,,,
2017-04-22,75,,,,,,,,,,,3501,,,,,,,,,,
2017-04-23,68,,,,,,,,,,,3641,,,,,,,,,,
2017-04-24,68,,,,,,,,,,,3843,,,,,,,,,,
2017-04-25,71,,,,,,,,,,,3729,,,,,,,,,,
2017-04-26,68,,,,,,,,,,,3598,,,,,,,,,,
2017-04-27,84,,,,,,,,,,,3288,,,,,,,,,,
2017-04-28,57,,,,,,,,,,,3036,,,,,,,,,,
2017-04-29,83,,,,,,,,,,,2940,,,,,,,,,,
2017-04-30,68,,,,,,,,,,,4163,,,,,,,,,,
2017-05-01,109,,,,,,,,,,,3247,,,,,,,,,,
2017-05-02,133,,,,,,,,,,,3289,,,,,,,,,,
2017-05-03,104,,,,,,,,,,,3984,,,,,,,,,,
2017-05-04,79,,,,,,,,,,,3522,,,,,,,,,,
2017-05-05,76,,,,,,,,,,,3204,,,,,,,,,,
2017-05-06,102,,,,,,,,,,,2760,,,,,,,,,,
2017-05-07,91,,,,,,,,,,,2891,,,,,,,,,,
2017-05-08,74,,,,,,,,,,,3567,,,,,,,,,,
2017-05-09,70,,,,,,,,,,,3504,,,,,,,,,,
2017-05-10,87,,,,,,,,,,,4439,,,,,,,,,,
2017-05-11,85,,,,,,,,,,,4347,,,,,,,,,,
2017-05-12,108,,,,,,,,,,,3391,,,,,,,,,,
2017-05-13,83,,,,,,,,,,,4796,,,,,,,,,,
2017-05-14,98,,,,,,,,,,,2844,,,,,,,,,,
2017-05-15,67,,,,,,,,,,,3607,,,,,,,,,,
2017-05-16,76,,,,,,,,,,,3460,,,,,,,,,,
2017-05-17,82,,,,,,,,,,,3925,,,,,,,,,,
2017-05-18,86,,,,,,,,,,,4698,,,,,,,,,,
2017-05-19,100,,,,,,,,,,,3155,,,,,,,,,,
2017-05-20,91,,,,,,,,,,,3004,,,,,,,,,,
2017-05-21,68,,,,,,,,,,,3061,,,,,,,,,,
2017-05-22,93,,,,,,,,,,,5420,,,,,,,,,,
2017-05-23,107,,,,,,,,,,,3194,,,,,,,,,,
2017-05-24,112,,,,,,,,,,,3127,,,,,,,,,,
2017-05-25,65,,,,,,,,,,,3164,,,,,,,,,,
2017-05-26,83,,,,,,,,,,,2978,,,,,,,,,,
2017-05-27,76,,,,,,,,,,,2618,,,,,,,,,,
2017-05-28,95,,,,,,,,,,,2675,,,,,,,,,,
2017-05-29,77,,,,,,,,,,,2889,,,,,,,,,,
2017-05-30,59,,,,,,,,,,,3253,,,,,,,,,,
2017-05-31,63,,,,,,,,,,,3159,,,,,,,,,,
2017-06-01,93,,,,,,,,,,,3059,,,,,,,,,,
2017-06-02,70,,,,,,,,,,,2675,,,,,,,,,,
2017-06-03,72,,,,,,,,,,,2339,,,,,,,,,,
2017-06-04,62,,,,,,,,,,,3033,,,,,,,,,,
2017-06-05,60,,,,,,,,,,,3260,,,,,,,,,,
2017-06-06,94,,,,,,,,,,,2891,,,,,,,,,,
2017-06-07,67,,,,,,,,,,,3005,,,,,,,,,,
2017-06-08,83,,,,,,,,,,,2973,,,,,,,,,,
2017-06-09,65,,,,,,,,,,,2770,,,,,,,,,,
2017-06-10,72,,,,,,,,,,,2342,,,,,,,,,,
2017-06-11,78,,,,,,,,,,,3444,,,,,,,,,,
2017-06-12,69,,,,,,,,,,,3164,,,,,,,,,,
2017-06-13,84,,,,,,,,,,,2880,,,,,,,,,,
2017-06-14,74,,,,,,,,,,,2644,,,,,,,,,,
2017-06-15,64,,,,,,,,,,,3020,,,,,,,,,,
2017-06-16,56,,,,,,,,,,,2966,,,,,,,,,,
2017-06-17,62,,,,,,,,,,,2650,,,,,,,,,,
2017-06-18,60,,,,,,,,,,,2487,,,,,,,,,,
2017-06-19,75,,,,,,,,,,,2795,,,,,,,,,,
2017-06-20,55,,,,,,,,,,,3032,,,,,,,,,,
2017-06-21,67,,,,,,,,,,,2887,,,,,,,,,,
2017-06-22,72,,,,,,,,,,,2778,,,,,,,,,,
2017-06-23,71,,,,,,,,,,,3254,,,,,,,,,,
2017-06-24,64,,,,,,,,,,,2375,,,,,,,,,,
2017-06-25,64,,,,,,,,,,,2491,,,,,,,,,,
2017-06-26,85,,,,,,,,,,,2647,,,,,,,,,,
2017-06-27,66,,,,,,,,,,,2695,,,,,,,,,,
2017-06-28,86,,,,,,,,,,,2744,,,,,,,,,,
2017-06-29,81,,,,,,,,,,,3235,,,,,,,,,,
2017-06-30,76,,,,,,,,,,,2476,,,,,,,,,,
2017-07-01,79,,,,,,,,,,,5212,,,,,,,,,,
2017-07-02,70,,,,,,,,,,,2725,,,,,,,,,,
2017-07-03,77,,,,,,,,,,,3179,,,,,,,,,,
2017-07-04,68,,,,,,,,,,,3226,,,,,,,,,,
2017-07-05,50,,,,,,,,,,,3027,,,,,,,,,,
2017-07-06,49,,,,,,,,,,,2626,,,,,,,,,,
2017-07-07,73,,,,,,,,,,,2631,,,,,,,,,,
2017-07-08,60,,,,,,,,,,,2519,,,,,,,,,,
2017-07-09,71,,,,,,,,,,,2751,,,,,,,,,,
2017-07-10,48,,,,,,,,,,,2995,,,,,,,,,,
2017-07-11,65,,,,,,,,,,,2862,,,,,,,,,,
2017-07-12,181,,,,,,,,,,,2923,,,,,,,,,,
2017-07-13,82,,,,,,,,,,,2655,,,,,,,,,,
2017-07-14,65,,,,,,,,,,,3231,,,,,,,,,,
2017-07-15,56,,,,,,,,,,,2629,,,,,,,,,,
2017-07-16,49,,,,,,,,,,,2699,,,,,,,,,,
2017-07-17,65,,,,,,,,,,,3117,,,,,,,,,,
2017-07-18,61,,,,,,,,,,,3079,,,,,,,,,,
2017-07-19,72,,,,,,,,,,,3051,,,,,,,,,,
2017-07-20,59,,,,,,,,,,,2908,,,,,,,,,,
2017-07-21,63,,,,,,,,,,,2877,,,,,,,,,,
2017-07-22,70,,,,,,,,,,,2767,,,,,,,,,,
2017-07-23,66,,,,,,,,,,,4120,,,,,,,,,,
2017-07-24,74,,,,,,,,,,,3161,,,,,,,,,,
2017-07-25,86,,,,,,,,,,,2606,,,,,,,,,,
2017-07-26,73,,,,,,,,,,,2831,,,,,,,,,,
2017-07-27,100,,,,,,,,,,,2743,,,,,,,,,,
2017-07-28,85,,,,,,,,,,,3763,,,,,,,,,,
2017-07-29,76,,,,,,,,,,,2810,,,,,,,,,,
2017-07-30,86,,,,,,,,,,,2805,,,,,,,,,,
2017-07-31,76,,,,,,,,,,,4136,,,,,,,,,,
2017-08-01,62,,,,,,,,,,,3047,,,,,,,,,,
2017-08-02,75,,,,,,,,,,,5045,,,,,,,,,,
2017-08-03,79,,,,,,,,,,,4336,,,,,,,,,,
2017-08-04,74,,,,,,,,,,,5301,,,,,,,,,,
2017-08-05,91,,,,,,,,,,,7701,,,,,,,,,,
2017-08-06,93,,,,,,,,,,,5056,,,,,,,,,,
2017-08-07,52,,,,,,,,,,,4287,,,,,,,,,,
2017-08-08,64,,,,,,,,,,,3410,,,,,,,,,,
2017-08-09,104,,,,,,,,,,,3034,,,,,,,,,,
2017-08-10,77,,,,,,,,,,,2994,,,,,,,,,,
2017-08-11,47,,,,,,,,,,,3009,,,,,,,,,,
2017-08-12,59,,,,,,,,,,,2587,,,,,,,,,,
2017-08-13,49,,,,,,,,,,,4691,,,,,,,,,,
2017-08-14,47,,,,,,,,,,,3765,,,,,,,,,,
2017-08-15,51,,,,,,,,,,,3244,,,,,,,,,,
2017-08-16,45,,,,,,,,,,,3863,,,,,,,,,,
2017-08-17,81,,,,,,,,,,,2866,,,,,,,,,,
2017-08-18,74,,,,,,,,,,,3224,,,,,,,,,,
2017-08-19,67,,,,,,,,,,,2733,,,,,,,,,,
2017-08-20,68,,,,,,,,,,,2646,,,,,,,,,,
2017-08-21,58,,,,,,,,,,,2841,,,,,,,,,,
2017-08-22,58,,,,,,,,,,,2947,,,,,,,,,,
2017-08-23,69,,,,,,,,,,,2957,,,,,,,,,,
2017-08-24,75,,,,,,,,,,,2772,,,,,,,,,,
2017-08-25,54,,,,,,,,,,,2664,,,,,,,,,,
2017-08-26,51,,,,,,,,,,,2634,,,,,,,,,,
2017-08-27,77,,,,,,,,,,,2650,,,,,,,,,,
2017-08-28,65,,,,,,,,,,,2849,,,,,,,,,,
2017-08-29,65,,,,,,,,,,,2659,,,,,,,,,,
2017-08-30,69,,,,,,,,,,,2968,,,,,,,,,,
2017-08-31,60,,,,,,,,,,,3006,,,,,,,,,,
2017-09-01,58,,,,,,,,,,,2559,,,,,,,,,,
2017-09-02,65,,,,,,,,,,,2495,,,,,,,,,,
2017-09-03,53,,,,,,,,,,,3081,,,,,,,,,,
2017-09-04,52,,,,,,,,,,,3003,,,,,,,,,,
2017-09-05,60,,,,,,,,,,,2960,,,,,,,,,,
2017-09-06,74,,,,,,,,,,,2770,,,,,,,,,,
2017-09-07,42,,,,,,,,,,,3186,,,,,,,,,,
2017-09-08,67,,,,,,,,,,,2766,,,,,,,,,,
2017-09-09,68,,,,,,,,,,,2270,,,,,,,,,,
2017-09-10,62,,,,,,,,,,,2438,,,,,,,,,,
2017-09-11,82,,,,,,,,,,,2612,,,,,,,,,,
2017-09-12,78,,,,,,,,,,,3312,,,,,,,,,,
2017-09-13,76,,,,,,,,,,,2969,,,,,,,,,,
2017-09-14,126,,,,,,,,,,,3698,,,,,,,,,,
2017-09-15,60,,,,,,,,,,,3008,,,,,,,,,,
2017-09-16,59,,,,,,,,,,,2577,,,,,,,,,,
2017-09-17,56,,,,,,,,,,,2995,,,,,,,,,,
2017-09-18,50,,,,,,,,,,,3436,,,,,,,,,,
2017-09-19,83,,,,,,,,,,,3115,,,,,,,,,,
2017-09-20,88,,,,,,,,,,,3092,,,,,,,,,,
2017-09-21,66,,,,,,,,,,,3137,,,,,,,,,,
2017-09-22,79,,,,,,,,,,,2972,,,,,,,,,,
2017-09-23,60,,,,,,,,,,,3049,,,,,,,,,,
2017-09-24,69,,,,,,,,,,,2876,,,,,,,,,,
2017-09-25,54,,,,,,,,,,,3287,,,,,,,,,,
2017-09-26,65,,,,,,,,,,,3498,,,,,,,,,,
2017-09-27,51,,,,,,,,,,,3978,,,,,,,,,,
2017-09-28,63,,,,,,,,,,,3158,,,,,,,,,,
2017-09-29,52,,,,,,,,,,,2958,,,,,,,,,,
2017-09-30,92,,,,,,,,,,,2651,,,,,,,,,,
2017-10-01,62,,,,,,,,,,,2808,,,,,,,,,,
2017-10-02,84,,,,,,,,,,,3082,,,,,,,,,,
2017-10-03,76,,,,,,,,,,,3019,,,,,,,,,,
2017-10-04,71,,,,,,,,,,,3102,,,,,,,,,,
2017-10-05,77,,,,,,,,,,,3045,,,,,,,,,,
2017-10-06,81,,,,,,,,,,,3072,,,,,,,,,,
2017-10-07,74,,,,,,,,,,,2860,,,,,,,,,,
2017-10-08,67,,,,,,,,,,,3077,,,,,,,,,,
2017-10-09,78,,,,,,,,,,,3597,,,,,,,,,,
2017-10-10,92,,,,,,,,,,,3460,,,,,,,,,,
2017-10-11,88,,,,,,,,,,,3568,,,,,,,,,,
2017-10-12,100,,,,,,,,,,,3511,,,,,,,,,,
2017-10-13,71,,,,,,,,,,,3046,,,,,,,,,,
2017-10-14,62,,,,,,,,,,,2699,,,,,,,,,,
2017-10-15,84,,,,,,,,,,,3235,,,,,,,,,,
2017-10-16,84,,,,,,,,,,,4003,,,,,,,,,,
2017-10-17,81,,,,,,,,,,,3501,,,,,,,,,,
2017-10-18,80,,,,,,,,,,,3244,,,,,,,,,,
2017-10-19,77,,,,,,,,,,,3538,,,,,,,,,,
2017-10-20,86,,,,,,,,,,,3239,,,,,,,,,,
2017-10-21,59,,,,,,,,,,,2882,,,,,,,,,,
2017-10-22,87,,,,,,,,,,,3063,,,,,,,,,,
2017-10-23,64,,,,,,,,,,,3445,,,,,,,,,,
2017-10-24,108,,,,,,,,,,,3591,,,,,,,,,,
2017-10-25,103,,,,,,,,,,,3526,,,,,,,,,,
2017-10-26,93,,,,,,,,,,,3743,,,,,,,,,,
2017-10-27,68,,,,,,,,,,,3340,,,,,,,,,,
2017-10-28,96,,,,,,,,,,,3477,,,,,,,,,,
2017-10-29,87,,,,,,,,,,,3255,,,,,,,,,,
2017-10-30,56,,,,,,,,,,,3336,,,,,,,,,,
2017-10-31,75,,,,,,,,,,,3613,,,,,,,,,,
2017-11-01,73,,,,,,,,,,,3318,,,,,,,,,,
2017-11-02,69,,,,,,,,,,,3875,,,,,,,,,,
2017-11-03,70,,,,,,,,,,,3336,,,,,,,,,,
2017-11-04,88,,,,,,,,,,,4896,,,,,,,,,,
2017-11-05,79,,,,,,,,,,,3132,,,,,,,,,,
2017-11-06,89,,,,,,,,,,,3346,,,,,,,,,,
2017-11-07,91,,,,,,,,,,,3372,,,,,,,,,,
2017-11-08,74,,,,,,,,,,,3418,,,,,,,,,,
2017-11-09,90,,,,,,,,,,,3278,,,,,,,,,,
2017-11-10,103,,,,,,,,,,,3147,,,,,,,,,,
2017-11-11,100,,,,,,,,,,,2816,,,,,,,,,,
2017-11-12,59,,,,,,,,,,,3308,,,,,,,,,,
2017-11-13,71,,,,,,,,,,,3598,,,,,,,,,,
2017-11-14,90,,,,,,,,,,,3860,,,,,,,,,,
2017-11-15,119,,,,,,,,,,,4374,,,,,,,,,,
2017-11-16,89,,,,,,,,,,,4319,,,,,,,,,,
2017-11-17,76,,,,,,,,,,,4710,,,,,,,,,,
2017-11-18,101,,,,,,,,,,,3667,,,,,,,,,,
2017-11-19,103,,,,,,,,,,,3975,,,,,,,,,,
2017-11-20,103,,,,,,,,,,,4109,,,,,,,,,,
2017-11-21,86,,,,,,,,,,,3900,,,,,,,,,,
2017-11-22,157,,,,,,,,,,,4040,,,,,,,,,,
2017-11-23,82,,,,,,,,,,,4075,,,,,,,,,,
2017-11-24,83,,,,,,,,,,,3712,,,,,,,,,,
2017-11-25,81,,,,,,,,,,,3305,,,,,,,,,,
2017-11-26,103,,,,,,,,,,,3304,,,,,,,,,,
2017-11-27,65,,,,,,,,,,,4378,,,,,,,,,,
2017-11-28,94,,,,,,,,,,,4138,,,,,,,,,,
2017-11-29,97,,,,,,,,,,,3871,,,,,,,,,,
2017-11-30,111,,,,,,,,,,,3404,,,,,,,,,,
2017-12-01,82,,,,,,,,,,,3121,,,,,,,,,,
2017-12-02,74,,,,,,,,,,,2761,,,,,,,,,,
2017-12-03,79,,,,,,,,,,,3272,,,,,,,,,,
2017-12-04,103,,,,,,,,,,,3739,,,,,,,,,,
2017-12-05,92,,,,,,,,,,,3262,,,,,,,,,,
2017-12-06,67,,,,,,,,,,,3014,,,,,,,,,,
2017-12-07,77,,,,,,,,,,,3413,,,,,,,,,,
2017-12-08,86,,,,,,,,,,,3155,,,,,,,,,,
2017-12-09,103,,,,,,,,,,,2746,,,,,,,,,,
2017-12-10,81,,,,,,,,,,,2924,,,,,,,,,,
2017-12-11,97,,,,,,,,,,,3251,,,,,,,,,,
2017-12-12,58,,,,,,,,,,,3168,,,,,,,,,,
2017-12-13,76,,,,,,,,,,,3438,,,,,,,,,,
2017-12-14,70,,,,,,,,,,,3595,,,,,,,,,,
2017-12-15,82,,,,,,,,,,,2975,,,,,,,,,,
2017-12-16,82,,,,,,,,,,,2522,,,,,,,,,,
2017-12-17,82,,,,,,,,,,,2592,,,,,,,,,,
2017-12-18,78,,,,,,,,,,,3229,,,,,,,,,,
2017-12-19,94,,,,,,,,,,,3133,,,,,,,,,,
2017-12-20,254,,,,,,,,,,,2977,,,,,,,,,,
2017-12-21,265,,,,,,,,,,,2863,,,,,,,,,,
2017-12-22,124,,,,,,,,,,,2949,,,,,,,,,,
2017-12-23,86,,,,,,,,,,,2385,,,,,,,,,,
2017-12-24,119,,,,,,,,,,,2303,,,,,,,,,,
2017-12-25,75,,,,,,,,,,,2420,,,,,,,,,,
2017-12-26,110,,,,,,,,,,,2529,,,,,,,,,,
2017-12-27,94,,,,,,,,,,,3392,,,,,,,,,,
2017-12-28,123,,,,,,,,,,,3240,,,,,,,,,,
2017-12-29,109,,,,,,,,,,,2693,,,,,,,,,,
2017-12-30,112,,,,,,,,,,,2510,,,,,,,,,,
2017-12-31,93,,,,,,,,,,,2444,,,,,,,,,,
2018-01-01,56,,,,,,,,,,,2383,,,,,,,,,,
2018-01-02,94,,,,,,,,,,,2936,,,,,,,,,,
2018-01-03,89,,,,,,,,,,,2862,,,,,,,,,,
2018-01-04,123,,,,,,,,,,,3012,,,,,,,,,,
2018-01-05,101,,,,,,,,,,,2727,,,,,,,,,,
2018-01-06,121,,,,,,,,,,,2571,,,,,,,,,,
2018-01-07,120,,,,,,,,,,,2646,,,,,,,,,,
2018-01-08,155,,,,,,,,,,,3338,,,,,,,,,,
2018-01-09,151,,,,,,,,,,,3551,,,,,,,,,,
2018-01-10,121,,,,,,,,,,,3484,,,,,,,,,,
2018-01-11,124,,,,,,,,,,,3622,,,,,,,,,,
2018-01-12,108,,,,,,,,,,,3606,,,,,,,,,,
2018-01-13,106,,,,,,,,,,,3352,,,,,,,,,,
2018-01-14,92,,,,,,,,,,,3655,,,,,,,,,,
2018-01-15,113,,,,,,,,,,,3560,,,,,,,,,,
2018-01-16,100,,,,,,,,,,,3445,,,,,,,,,,
2018-01-17,103,,,,,,,,,,,3418,,,,,,,,,,
2018-01-18,102,,,,,,,,,,,3541,,,,,,,,,,
2018-01-19,109,,,,,,,,,,,3135,,,,,,,,,,
2018-01-20,75,,,,,,,,,,,2759,,,,,,,,,,
2018-01-21,70,,,,,,,,,,,3322,,,,,,,,,,
2018-01-22,102,,,,,,,,,,,4072,,,,,,,,,,
2018-01-23,79,,,,,,,,,,,3668,,,,,,,,,,
2018-01-24,113,,,,,,,,,,,3520,,,,,,,,,,
2018-01-25,97,,,,,,,,,,,3696,,,,,,,,,,
2018-01-26,88,,,,,,,,,,,3904,,,,,,,,,,
2018-01-27,107,,,,,,,,,,,3428,,,,,,,,,,
2018-01-28,89,,,,,,,,,,,3594,,,,,,,,,,
2018-01-29,113,,,,,,,,,,,3896,,,,,,,,,,
2018-01-30,115,,,,,,,,,,,3737,,,,,,,,,,
2018-01-31,104,,,,,,,,,,,3774,,,,,,,,,,
2018-02-01,104,,,,,,,,,,,3739,,,,,,,,,,
2018-02-02,115,,,,,,,,,,,3819,,,,,,,,,,
2018-02-03,110,,,,,,,,,,,3339,,,,,,,,,,
2018-02-04,101,,,,,,,,,,,3193,,,,,,,,,,
2018-02-05,91,,,,,,,,,,,3690,,,,,,,,,,
2018-02-06,78,,,,,,,,,,,3620,,,,,,,,,,
2018-02-07,117,,,,,,,,,,,3737,,,,,,,,,,
2018-02-08,91,,,,,,,,,,,3564,,,,,,,,,,
2018-02-09,92,,,,,,,,,,,3220,,,,,,,,,,
2018-02-10,112,,,,,,,,,,,2780,,,,,,,,,,
2018-02-11,107,,,,,,,,,,,3372,,,,,,,,,,
2018-02-12,86,,,,,,,,,,,3590,,,,,,,,,,
2018-02-13,102,,,,,,,,,,,5618,,,,,,,,,,
2018-02-14,88,,,,,,,,,,,3244,,,,,,,,,,
2018-02-15,88,,,,,,,,,,,3454,,,,,,,,,,
2018-02-16,91,,,,,,,,,,,3405,,,,,,,,,,
2018-02-17,100,,,,,,,,,,,3206,,,,,,,,,,
2018-02-18,104,,,,,,,,,,,3617,,,,,,,,,,
2018-02-19,127,,,,,,,,,,,4057,,,,,,,,,,
2018-02-20,90,,,,,,,,,,,3977,,,,,,,,,,
2018-02-21,117,,,,,,,,,,,3780,,,,,,,,,,
2018-02-22,98,,,,,,,,,,,3713,,,,,,,,,,
2018-02-23,103,,,,,,,,,,,3542,,,,,,,,,,
2018-02-24,84,,,,,,,,,,,3418,,,,,,,,,,
2018-02-25,85,,,,,,,,,,,3931,,,,,,,,,,
2018-02-26,84,,,,,,,,,,,4413,,,,,,,,,,
2018-02-27,114,,,,,,,,,,,4061,,,,,,,,,,
2018-02-28,107,,,,,,,,,,,4403,,,,,,,,,,
2018-03-01,90,,,,,,,,,,,4089,,,,,,,,,,
2018-03-02,90,,,,,,,,,,,3501,,,,,,,,,,
2018-03-03,96,,,,,,,,,,,3176,,,,,,,,,,
2018-03-04,76,,,,,,,,,,,5150,,,,,,,,,,
2018-03-05,85,,,,,,,,,,,4515,,,,,,,,,,
2018-03-06,87,,,,,,,,,,,3923,,,,,,,,,,
2018-03-07,91,,,,,,,,,,,3935,,,,,,,,,,
2018-03-08,78,,,,,,,,,,,3849,,,,,,,,,,
2018-03-09,97,,,,,,,,,,,3992,,,,,,,,,,
2018-03-10,140,,,,,,,,,,,5585,,,,,,,,,,
2018-03-11,94,,,,,,,,,,,4504,,,,,,,,,,
2018-03-12,106,,,,,,,,,,,5273,,,,,,,,,,
2018-03-13,99,,,,,,,,,,,4257,,,,,,,,,,
2018-03-14,114,,,,,,,,,,,3951,,,,,,,,,,
2018-03-15,95,,,,,,,,,,,5862,,,,,,,,,,
2018-03-16,112,,,,,,,,,,,4038,,,,,,,,,,
2018-03-17,105,,,,,,,,,,,3279,,,,,,,,,,
2018-03-18,94,,,,,,,,,,,3485,,,,,,,,,,
2018-03-19,115,,,,,,,,,,,4008,,,,,,,,,,
2018-03-20,81,,,,,,,,,,,3957,,,,,,,,,,
2018-03-21,108,,,,,,,,,,,4203,,,,,,,,,,
2018-03-22,99,,,,,,,,,,,3948,,,,,,,,,,
2018-03-23,98,,,,,,,,,,,3555,,,,,,,,,,
2018-03-24,79,,,,,,,,,,,3034,,,,,,,,,,
2018-03-25,80,,,,,,,,,,,3344,,,,,,,,,,
2018-03-26,76,,,,,,,,,,,3921,,,,,,,,,,
2018-03-27,90,,,,,,,,,,,3874,,,,,,,,,,
2018-03-28,78,,,,,,,,,,,3420,,,,,,,,,,
2018-03-29,75,,,,,,,,,,,3481,,,,,,,,,,
2018-03-30,77,,,,,,,,,,,3301,,,,,,,,,,
2018-03-31,69,,,,,,,,,,,2958,,,,,,,,,,
2018-04-01,121,,,,,,,,,,,3157,,,,,,,,,,
2018-04-02,93,,,,,,,,,,,3624,,,,,,,,,,
2018-04-03,90,,,,,,,,,,,3730,,,,,,,,,,
2018-04-04,79,,,,,,,,,,,5083,,,,,,,,,,
2018-04-05,68,,,,,,,,,,,3877,,,,,,,,,,
2018-04-06,74,,,,,,,,,,,3748,,,,,,,,,,
2018-04-07,124,,,,,,,,,,,3860,,,,,,,,,,
2018-04-08,95,,,,,,,,,,,4409,,,,,,,,,,
2018-04-09,101,,,,,,,,,,,4472,,,,,,,,,,
2018-04-10,121,,,,,,,,,,,4708,,,,,,,,,,
2018-04-11,140,,,,,,,,,,,4154,,,,,,,,,,
2018-04-12,155,,,,,,,,,,,3892,,,,,,,,,,
2018-04-13,164,,,,,,,,,,,7593,,,,,,,,,,
2018-04-14,109,,,,,,,,,,,3291,,,,,,,,,,
2018-04-15,116,,,,,,,,,,,5380,,,,,,,,,,
2018-04-16,97,,,,,,,,,,,3926,,,,,,,,,,
2018-04-17,101,,,,,,,,,,,4019,,,,,,,,,,
2018-04-18,111,,,,,,,,,,,3846,,,,,,,,,,
2018-04-19,120,,,,,,,,,,,3941,,,,,,,,,,
2018-04-20,108,,,,,,,,,,,3904,,,,,,,,,,
2018-04-21,81,,,,,,,,,,,3012,,,,,,,,,,
2018-04-22,102,,,,,,,,,,,3014,,,,,,,,,,
2018-04-23,96,,,,,,,,,,,3839,,,,,,,,,,
2018-04-24,119,,,,,,,,,,,4044,,,,,,,,,,
2018-04-25,104,,,,,,,,,,,4510,,,,,,,,,,
2018-04-26,122,,,,,,,,,,,4227,,,,,,,,,,
2018-04-27,95,,,,,,,,,,,4330,,,,,,,,,,
2018-04-28,110,,,,,,,,,,,2564,,,,,,,,,,
2018-04-29,96,,,,,,,,,,,2955,,,,,,,,,,
2018-04-30,102,,,,,,,,,,,3613,,,,,,,,,,
2018-05-01,126,,,,,,,,,,,3577,,,,,,,,,,
2018-05-02,88,,,,,,,,,,,3622,,,,,,,,,,
2018-05-03,120,,,,,,,,,,,3606,,,,,,,,,,
2018-05-04,84,,,,,,,,,,,3234,,,,,,,,,,
2018-05-05,92,,,,,,,,,,,2865,,,,,,,,,,
2018-05-06,103,,,,,,,,,,,2905,,,,,,,,,,
2018-05-07,114,,,,,,,,,,,3715,,,,,,,,,,
2018-05-08,104,,,,,,,,,,,3421,,,,,,,,,,
2018-05-09,107,,,,,,,,,,,3661,,,,,,,,,,
2018-05-10,116,,,,,,,,,,,3483,,,,,,,,,,
2018-05-11,113,,,,,,,,,,,3440,,,,,,,,,,
2018-05-12,101,,,,,,,,,,,2923,,,,,,,,,,
2018-05-13,88,,,,,,,,,,,2982,,,,,,,,,,
2018-05-14,110,,,,,,,,,,,3872,,,,,,,,,,
2018-05-15,86,,,,,,,,,,,4084,,,,,,,,,,
2018-05-16,91,,,,,,,,,,,3750,,,,,,,,,,
2018-05-17,80,,,,,,,,,,,3981,,,,,,,,,,
2018-05-18,95,,,,,,,,,,,3747,,,,,,,,,,
2018-05-19,101,,,,,,,,,,,2974,,,,,,,,,,
2018-05-20,334,,,,,,,,,,,3254,,,,,,,,,,
2018-05-21,473,,,,,,,,,,,3816,,,,,,,,,,
2018-05-22,367,,,,,,,,,,,3879,,,,,,,,,,
2018-05-23,303,,,,,,,,,,,7929,,,,,,,,,,
2018-05-24,317,,,,,,,,,,,4973,,,,,,,,,,
2018-05-25,276,,,,,,,,,,,4271,,,,,,,,,,
2018-05-26,283,,,,,,,,,,,3284,,,,,,,,,,
2018-05-27,212,,,,,,,,,,,3478,,,,,,,,,,
2018-05-28,112,,,,,,,,,,,4398,,,,,,,,,,
2018-05-29,113,,,,,,,,,,,5077,,,,,,,,,,
2018-05-30,129,,,,,,,,,,,4609,,,,,,,,,,
2018-05-31,100,,,,,,,,,,,3801,,,,,,,,,,
2018-06-01,102,,,,,,,,,,,3484,,,,,,,,,,
2018-06-02,103,,,,,,,,,,,3556,,,,,,,,,,
2018-06-03,94,,,,,,,,,,,3752,,,,,,,,,,
2018-06-04,97,,,,,,,,,,,4019,,,,,,,,,,
2018-06-05,91,,,,,,,,,,,4308,,,,,,,,,,
2018-06-06,96,,,,,,,,,,,3951,,,,,,,,,,
2018-06-07,79,,,,,,,,,,,3664,,,,,,,,,,
2018-06-08,111,,,,,,,,,,,3433,,,,,,,,,,
2018-06-09,94,,,,,,,,,,,3052,,,,,,,,,,
2018-06-10,107,,,,,,,,,,,3163,,,,,,,,,,
2018-06-11,106,,,,,,,,,,,3620,,,,,,,,,,
2018-06-12,90,,,,,,,,,,,3185,,,,,,,,,,
2018-06-13,106,,,,,,,,,,,3375,,,,,,,,,,
2018-06-14,107,,,,,,,,,,,3331,,,,,,,,,,
2018-06-15,98,,,,,,,,,,,2911,,,,,,,,,,
2018-06-16,97,,,,,,,,,,,2808,,,,,,,,,,
2018-06-17,145,,,,,,,,,,,2977,,,,,,,,,,
2018-06-18,103,,,,,,,,,,,3598,,,,,,,,,,
2018-06-19,90,,,,,,,,,,,3362,,,,,,,,,,
2018-06-20,120,,,,,,,,,,,3537,,,,,,,,,,
2018-06-21,111,,,,,,,,,,,2911,,,,,,,,,,
2018-06-22,101,,,,,,,,,,,3059,,,,,,,,,,
2018-06-23,102,,,,,,,,,,,2875,,,,,,,,,,
2018-06-24,106,,,,,,,,,,,3211,,,,,,,,,,
2018-06-25,99,,,,,,,,,,,3368,,,,,,,,,,
2018-06-26,97,,,,,,,,,,,3116,,,,,,,,,,
2018-06-27,81,,,,,,,,,,,3773,,,,,,,,,,
2018-06-28,95,,,,,,,,,,,3541,,,,,,,,,,
2018-06-29,67,,,,,,,,,,,5295,,,,,,,,,,
2018-06-30,93,,,,,,,,,,,3119,,,,,,,,,,
2018-07-01,102,,,,,,,,,,,4795,,,,,,,,,,
2018-07-02,73,,,,,,,,,,,3468,,,,,,,,,,
2018-07-03,70,,,,,,,,,,,3301,,,,,,,,,,
2018-07-04,75,,,,,,,,,,,3778,,,,,,,,,,
2018-07-05,87,,,,,,,,,,,3438,,,,,,,,,,
2018-07-06,114,,,,,,,,,,,3509,,,,,,,,,,
2018-07-07,84,,,,,,,,,,,3546,,,,,,,,,,
2018-07-08,72,,,,,,,,,,,3470,,,,,,,,,,
2018-07-09,111,,,,,,,,,,,3716,,,,,,,,,,
2018-07-10,79,,,,,,,,,,,3694,,,,,,,,,,
2018-07-11,85,,,,,,,,,,,3736,,,,,,,,,,
2018-07-12,107,,,,,,,,,,,3870,,,,,,,,,,
2018-07-13,95,,,,,,,,,,,3718,,,,,,,,,,
2018-07-14,101,,,,,,,,,,,3428,,,,,,,,,,
2018-07-15,93,,,,,,,,,,,3684,,,,,,,,,,
2018-07-16,79,,,,,,,,,,,4106,,,,,,,,,,
2018-07-17,67,,,,,,,,,,,4246,,,,,,,,,,
2018-07-18,78,,,,,,,,,,,4139,,,,,,,,,,
2018-07-19,106,,,,,,,,,,,3845,,,,,,,,,,
2018-07-20,106,,,,,,,,,,,3495,,,,,,,,,,
2018-07-21,91,,,,,,,,,,,5253,,,,,,,,,,
2018-07-22,82,,,,,,,,,,,4758,,,,,,,,,,
2018-07-23,113,,,,,,,,,,,16949,,,,,,,,,,
2018-07-24,88,,,,,,,,,,,42796,,,,,,,,,,
2018-07-25,82,,,,,,,,,,,17126,,,,,,,,,,
2018-07-26,101,,,,,,,,,,,9431,,,,,,,,,,
2018-07-27,96,,,,,,,,,,,5854,,,,,,,,,,
2018-07-28,82,,,,,,,,,,,4886,,,,,,,,,,
2018-07-29,70,,,,,,,,,,,5214,,,,,,,,,,
2018-07-30,79,,,,,,,,,,,5060,,,,,,,,,,
2018-07-31,90,,,,,,,,,,,4533,,,,,,,,,,
2018-08-01,88,,,,,,,,,,,4300,,,,,,,,,,
2018-08-02,95,,,,,,,,,,,4060,,,,,,,,,,
2018-08-03,83,,,,,,,,,,,4757,,,,,,,,,,
2018-08-04,95,,,,,,,,,,,3639,,,,,,,,,,
2018-08-05,78,,,,,,,,,,,3603,,,,,,,,,,
2018-08-06,89,,,,,,,,,,,3833,,,,,,,,,,
2018-08-07,86,,,,,,,,,,,3721,,,,,,,,,,
2018-08-08,102,,,,,,,,,,,3504,,,,,,,,,,
2018-08-09,79,,,,,,,,,,,3887,,,,,,,,,,
2018-08-10,79,,,,,,,,,,,3654,,,,,,,,,,
2018-08-11,94,,,,,,,,,,,3248,,,,,,,,,,
2018-08-12,80,,,,,,,,,,,8518,,,,,,,,,,
2018-08-13,95,,,,,,,,,,,4770,,,,,,,,,,
2018-08-14,95,,,,,,,,,,,4252,,,,,,,,,,
2018-08-15,96,,,,,,,,,,,3736,,,,,,,,,,
2018-08-16,94,,,,,,,,,,,3479,,,,,,,,,,
2018-08-17,99,,,,,,,,,,,3081,,,,,,,,,,
2018-08-18,99,,,,,,,,,,,4206,,,,,,,,,,
2018-08-19,91,,,,,,,,,,,3826,,,,,,,,,,
2018-08-20,85,,,,,,,,,,,3683,,,,,,,,,,
2018-08-21,90,,,,,,,,,,,3377,,,,,,,,,,
2018-08-22,110,,,,,,,,,,,3403,,,,,,,,,,
2018-08-23,116,,,,,,,,,,,3307,,,,,,,,,,
2018-08-24,118,,,,,,,,,,,3261,,,,,,,,,,
2018-08-25,102,,,,,,,,,,,3711,,,,,,,,,,
2018-08-26,92,,,,,,,,,,,3343,,,,,,,,,,
2018-08-27,102,,,,,,,,,,,3601,,,,,,,,,,
2018-08-28,74,,,,,,,,,,,4544,,,,,,,,,,
2018-08-29,94,,,,,,,,,,,4751,,,,,,,,,,
2018-08-30,67,,,,,,,,,,,3576,,,,,,,,,,
2018-08-31,84,,,,,,,,,,,3292,,,,,,,,,,
2018-09-01,95,,,,,,,,,,,2918,,,,,,,,,,
2018-09-02,111,,,,,,,,,,,4088,,,,,,,,,,
2018-09-03,81,,,,,,,,,,,3386,,,,,,,,,,
2018-09-04,84,,,,,,,,,,,5682,,,,,,,,,,
2018-09-05,67,,,,,,,,,,,3827,,,,,,,,,,
2018-09-06,78,,,,,,,,,,,3710,,,,,,,,,,
2018-09-07,74,,,,,,,,,,,3396,,,,,,,,,,
2018-09-08,56,,,,,,,,,,,3304,,,,,,,,,,
2018-09-09,70,,,,,,,,,,,3689,,,,,,,,,,
2018-09-10,63,,,,,,,,,,,4311,,,,,,,,,,
2018-09-11,95,,,,,,,,,,,4340,,,,,,,,,,
2018-09-12,93,,,,,,,,,,,3761,,,,,,,,,,
2018-09-13,82,,,,,,,,,,,3619,,,,,,,,,,
2018-09-14,67,,,,,,,,,,,3299,,,,,,,,,,
2018-09-15,86,,,,,,,,,,,3351,,,,,,,,,,
2018-09-16,61,,,,,,,,,,,3589,,,,,,,,,,
2018-09-17,70,,,,,,,,,,,4860,,,,,,,,,,
2018-09-18,72,,,,,,,,,,,4107,,,,,,,,,,
2018-09-19,85,,,,,,,,,,,3655,,,,,,,,,,
2018-09-20,86,,,,,,,,,,,3922,,,,,,,,,,
2018-09-21,99,,,,,,,,,,,7627,,,,,,,,,,
2018-09-22,75,,,,,,,,,,,3270,,,,,,,,,,
2018-09-23,94,,,,,,,,,,,4444,,,,,,,,,,
2018-09-24,73,,,,,,,,,,,4170,,,,,,,,,,
2018-09-25,91,,,,,,,,,,,3947,,,,,,,,,,
2018-09-26,90,,,,,,,,,,,3537,,,,,,,,,,
2018-09-27,85,,,,,,,,,,,3623,,,,,,,,,,
2018-09-28,98,,,,,,,,,,,7119,,,,,,,,,,
2018-09-29,102,,,,,,,,,,,3094,,,,,,,,,,
2018-09-30,161,,,,,,,,,,,3446,,,,,,,,,,
2018-10-01,78,,,,,,,,,,,3893,,,,,,,,,,
2018-10-02,85,,,,,,,,,,,3673,,,,,,,,,,
2018-10-03,81,,,,,,,,,,,3372,,,,,,,,,,
2018-10-04,87,,,,,,,,,,,3184,,,,,,,,,,
2018-10-05,77,,,,,,,,,,,3287,,,,,,,,,,
2018-10-06,80,,,,,,,,,,,2978,,,,,,,,,,
2018-10-07,74,,,,,,,,,,,3096,,,,,,,,,,
2018-10-08,79,,,,,,,,,,,3553,,,,,,,,,,
2018-10-09,99,,,,,,,,,,,3705,,,,,,,,,,
2018-10-10,91,,,,,,,,,,,3606,,,,,,,,,,
2018-10-11,146,,,,,,,,,,,3843,,,,,,,,,,
2018-10-12,63,,,,,,,,,,,3920,,,,,,,,,,
2018-10-13,69,,,,,,,,,,,3076,,,,,,,,,,
2018-10-14,89,,,,,,,,,,,3398,,,,,,,,,,
2018-10-15,79,,,,,,,,,,,4180,,,,,,,,,,
2018-10-16,72,,,,,,,,,,,5840,,,,,,,,,,
2018-10-17,92,,,,,,,,,,,6333,,,,,,,,,,
2018-10-18,86,,,,,,,,,,,6373,,,,,,,,,,
2018-10-19,83,,,,,,,,,,,5998,,,,,,,,,,
2018-10-20,68,,,,,,,,,,,5103,,,,,,,,,,
2018-10-21,58,,,,,,,,,,,4424,,,,,,,,,,
2018-10-22,81,,,,,,,,,,,6084,,,,,,,,,,
2018-10-23,83,,,,,,,,,,,5250,,,,,,,,,,
2018-10-24,82,,,,,,,,,,,6436,,,,,,,,,,
2018-10-25,93,,,,,,,,,,,7967,,,,,,,,,,
2018-10-26,88,,,,,,,,,,,5004,,,,,,,,,,
2018-10-27,107,,,,,,,,,,,4064,,,,,,,,,,
2018-10-28,74,,,,,,,,,,,4329,,,,,,,,,,
2018-10-29,164,,,,,,,,,,,4176,,,,,,,,,,
2018-10-30,71,,,,,,,,,,,4065,,,,,,,,,,
2018-10-31,103,,,,,,,,,,,3557,,,,,,,,,,
2018-11-01,78,,,,,,,,,,,3820,,,,,,,,,,
2018-11-02,105,,,,,,,,,,,3475,,,,,,,,,,
2018-11-03,94,,,,,,,,,,,5677,,,,,,,,,,
2018-11-04,108,,,,,,,,,,,3795,,,,,,,,,,
2018-11-05,60,,,,,,,,,,,3929,,,,,,,,,,
2018-11-06,74,,,,,,,,,,,3975,,,,,,,,,,
2018-11-07,114,,,,,,,,,,,3670,,,,,,,,,,
2018-11-08,99,,,,,,,,,,,3807,,,,,,,,,,
2018-11-09,93,,,,,,,,,,,3250,,,,,,,,,,
2018-11-10,78,,,,,,,,,,,2971,,,,,,,,,,
2018-11-11,90,,,,,,,,,,,3648,,,,,,,,,,
2018-11-12,92,,,,,,,,,,,3769,,,,,,,,,,
2018-11-13,94,,,,,,,,,,,3946,,,,,,,,,,
2018-11-14,163,,,,,,,,,,,3787,,,,,,,,,,
2018-11-15,148,,,,,,,,,,,3642,,,,,,,,,,
2018-11-16,119,,,,,,,,,,,3327,,,,,,,,,,
2018-11-17,72,,,,,,,,,,,2865,,,,,,,,,,
2018-11-18,58,,,,,,,,,,,3120,,,,,,,,,,
2018-11-19,70,,,,,,,,,,,3394,,,,,,,,,,
2018-11-20,79,,,,,,,,,,,3324,,,,,,,,,,
2018-11-21,96,,,,,,,,,,,5234,,,,,,,,,,
2018-11-22,70,,,,,,,,,,,3187,,,,,,,,,,
2018-11-23,78,,,,,,,,,,,3030,,,,,,,,,,
2018-11-24,104,,,,,,,,,,,2639,,,,,,,,,,
2018-11-25,81,,,,,,,,,,,3239,,,,,,,,,,
2018-11-26,113,,,,,,,,,,,4449,,,,,,,,,,
2018-11-27,90,,,,,,,,,,,3506,,,,,,,,,,
2018-11-28,86,,,,,,,,,,,3462,,,,,,,,,,
2018-11-29,101,,,,,,,,,,,3785,,,,,,,,,,
2018-11-30,109,,,,,,,,,,,3399,,,,,,,,,,
2018-12-01,68,,,,,,,,,,,2979,,,,,,,,,,
2018-12-02,82,,,,,,,,,,,4585,,,,,,,,,,
2018-12-03,82,,,,,,,,,,,3902,,,,,,,,,,
2018-12-04,87,,,,,,,,,,,3633,,,,,,,,,,
2018-12-05,81,,,,,,,,,,,4588,,,,,,,,,,
2018-12-06,110,,,,,,,,,,,3948,,,,,,,,,,
2018-12-07,94,,,,,,,,,,,3411,,,,,,,,,,
2018-12-08,96,,,,,,,,,,,3378,,,,,,,,,,
2018-12-09,76,,,,,,,,,,,3410,,,,,,,,,,
2018-12-10,101,,,,,,,,,,,3745,,,,,,,,,,
2018-12-11,136,,,,,,,,,,,3848,,,,,,,,,,
2018-12-12,90,,,,,,,,,,,3448,,,,,,,,,,
2018-12-13,87,,,,,,,,,,,3428,,,,,,,,,,
2018-12-14,82,,,,,,,,,,,3238,,,,,,,,,,
2018-12-15,72,,,,,,,,,,,2746,,,,,,,,,,
2018-12-16,110,,,,,,,,,,,3202,,,,,,,,,,
2018-12-17,98,,,,,,,,,,,3374,,,,,,,,,,
2018-12-18,70,,,,,,,,,,,3165,,,,,,,,,,
2018-12-19,78,,,,,,,,,,,3616,,,,,,,,,,
2018-12-20,93,,,,,,,,,,,3157,,,,,,,,,,
2018-12-21,113,,,,,,,,,,,2820,,,,,,,,,,
2018-12-22,71,,,,,,,,,,,3715,,,,,,,,,,
2018-12-23,70,,,,,,,,,,,2933,,,,,,,,,,
2018-12-24,88,,,,,,,,,,,2777,,,,,,,,,,
2018-12-25,62,,,,,,,,,,,2780,,,,,,,,,,
2018-12-26,93,,,,,,,,,,,3723,,,,,,,,,,
2018-12-27,110,,,,,,,,,,,4687,,,,,,,,,,
2018-12-28,110,,,,,,,,,,,2969,,,,,,,,,,
2018-12-29,100,,,,,,,,,,,3206,,,,,,,,,,
2018-12-30,123,,,,,,,,,,,3064,,,,,,,,,,
2018-12-31,95,,,,,,,,,,,2691,,,,,,,,,,
2019-01-01,90,,,,,,,,,,,3127,,,,,,,,,,
2019-01-02,102,,,,,,,,,,,3529,,,,,,,,,,
2019-01-03,83,,,,,,,,,,,3418,,,,,,,,,,
2019-01-04,118,,,,,,,,,,,3185,,,,,,,,,,
2019-01-05,79,,,,,,,,,,,3029,,,,,,,,,,
2019-01-06,98,,,,,,,,,,,3350,,,,,,,,,,
2019-01-07,90,,,,,,,,,,,3617,,,,,,,,,,
2019-01-08,123,,,,,,,,,,,3486,,,,,,,,,,
2019-01-09,100,,,,,,,,,,,3602,,,,,,,,,,
2019-01-10,124,,,,,,,,,,,3874,,,,,,,,,,
2019-01-11,102,,,,,,,,,,,3696,,,,,,,,,,
2019-01-12,81,,,,,,,,,,,3891,,,,,,,,,,
2019-01-13,96,,,,,,,,,,,3826,,,,,,,,,,
2019-01-14,85,,,,,,,,,,,3870,,,,,,,,,,
2019-01-15,95,,,,,,,,,,,3776,,,,,,,,,,
2019-01-16,107,,,,,,,,,,,3849,,,,,,,,,,
2019-01-17,131,,,,,,,,,,,3652,,,,,,,,,,
2019-01-18,90,,,,,,,,,,,3578,,,,,,,,,,
2019-01-19,91,,,,,,,,,,,4296,,,,,,,,,,
2019-01-20,117,,,,,,,,,,,4674,,,,,,,,,,
2019-01-21,106,,,,,,,,,,,3595,,,,,,,,,,
2019-01-22,72,,,,,,,,,,,3606,,,,,,,,,,
2019-01-23,78,,,,,,,,,,,3471,,,,,,,,,,
2019-01-24,108,,,,,,,,,,,3631,,,,,,,,,,
2019-01-25,71,,,,,,,,,,,6812,,,,,,,,,,
2019-01-26,119,,,,,,,,,,,5376,,,,,,,,,,
2019-01-27,82,,,,,,,,,,,6543,,,,,,,,,,
2019-01-28,78,,,,,,,,,,,6034,,,,,,,,,,
2019-01-29,67,,,,,,,,,,,5895,,,,,,,,,,
2019-01-30,80,,,,,,,,,,,5591,,,,,,,,,,
2019-01-31,100,,,,,,,,,,,5508,,,,,,,,,,
2019-02-01,104,,,,,,,,,,,5129,,,,,,,,,,
2019-02-02,100,,,,,,,,,,,4878,,,,,,,,,,
2019-02-03,83,,,,,,,,,,,5666,,,,,,,,,,
2019-02-04,65,,,,,,,,,,,4774,,,,,,,,,,
2019-02-05,91,,,,,,,,,,,4911,,,,,,,,,,
2019-02-06,97,,,,,,,,,,,4582,,,,,,,,,,
2019-02-07,93,,,,,,,,,,,4634,,,,,,,,,,
2019-02-08,103,,,,,,,,,,,6583,,,,,,,,,,
2019-02-09,99,,,,,,,,,,,4392,,,,,,,,,,
2019-02-10,76,,,,,,,,,,,4738,,,,,,,,,,
2019-02-11,81,,,,,,,,,,,4740,,,,,,,,,,
2019-02-12,66,,,,,,,,,,,4490,,,,,,,,,,
2019-02-13,83,,,,,,,,,,,5356,,,,,,,,,,
2019-02-14,101,,,,,,,,,,,4214,,,,,,,,,,
2019-02-15,74,,,,,,,,,,,4059,,,,,,,,,,
2019-02-16,70,,,,,,,,,,,4219,,,,,,,,,,
2019-02-17,81,,,,,,,,,,,4425,,,,,,,,,,
2019-02-18,73,,,,,,,,,,,4556,,,,,,,,,,
2019-02-19,97,,,,,,,,,,,5589,,,,,,,,,,
2019-02-20,68,,,,,,,,,,,9835,,,,,,,,,,
2019-02-21,70,,,,,,,,,,,7646,,,,,,,,,,
2019-02-22,91,,,,,,,,,,,4157,,,,,,,,,,
2019-02-23,85,,,,,,,,,,,4607,,,,,,,,,,
2019-02-24,78,,,,,,,,,,,4048,,,,,,,,,,
2019-02-25,49,,,,,,,,,,,4502,,,,,,,,,,
2019-02-26,94,,,,,,,,,,,4658,,,,,,,,,,
2019-02-27,92,,,,,,,,,,,5409,,,,,,,,,,
2019-02-28,81,,,,,,,,,,,5017,,,,,,,,,,
2019-03-01,99,,,,,,,,,,,4447,,,,,,,,,,
2019-03-02,69,,,,,,,,,,,4266,,,,,,,,,,
2019-03-03,91,,,,,,,,,,,6025,,,,,,,,,,
2019-03-04,89,,,,,,,,,,,6165,,,,,,,,,,
2019-03-05,108,,,,,,,,,,,7339,,,,,,,,,,
2019-03-06,82,,,,,,,,,,,5340,,,,,,,,,,
2019-03-07,65,,,,,,,,,,,5576,,,,,,,,,,
2019-03-08,81,,,,,,,,,,,5082,,,,,,,,,,
2019-03-09,82,,,,,,,,,,,4465,,,,,,,,,,
2019-03-10,91,,,,,,,,,,,6933,,,,,,,,,,
2019-03-11,89,,,,,,,,,,,5152,,,,,,,,,,
2019-03-12,90,,,,,,,,,,,4360,,,,,,,,,,
2019-03-13,74,,,,,,,,,,,4098,,,,,,,,,,
2019-03-14,99,,,,,,,,,,,3910,,,,,,,,,,
2019-03-15,116,,,,,,,,,,,3496,,,,,,,,,,
2019-03-16,93,,,,,,,,,,,3232,,,,,,,,,,
2019-03-17,62,,,,,,,,,,,3567,,,,,,,,,,
2019-03-18,78,,,,,,,,,,,4088,,,,,,,,,,
2019-03-19,100,,,,,,,,,,,9535,,,,,,,,,,
2019-03-20,86,,,,,,,,,,,10196,,,,,,,,,,
2019-03-21,72,,,,,,,,,,,6911,,,,,,,,,,
2019-03-22,74,,,,,,,,,,,5121,,,,,,,,,,
2019-03-23,86,,,,,,,,,,,6784,,,,,,,,,,
2019-03-24,88,,,,,,,,,,,4846,,,,,,,,,,
2019-03-25,105,,,,,,,,,,,4775,,,,,,,,,,
2019-03-26,99,,,,,,,,,,,4618,,,,,,,,,,
2019-03-27,100,,,,,,,,,,,4379,,,,,,,,,,
2019-03-28,75,,,,,,,,,,,6230,,,,,,,,,,
2019-03-29,105,,,,,,,,,,,3726,,,,,,,,,,
2019-03-30,95,,,,,,,,,,,3267,,,,,,,,,,
2019-03-31,77,,,,,,,,,,,3841,,,,,,,,,,
2019-04-01,70,,,,,,,,,,,4416,,,,,,,,,,
2019-04-02,77,,,,,,,,,,,4139,,,,,,,,,,
2019-04-03,73,,,,,,,,,,,4394,,,,,,,,,,
2019-04-04,98,,,,,,,,,,,7009,,,,,,,,,,
2019-04-05,66,,,,,,,,,,,6246,,,,,,,,,,
2019-04-06,139,,,,,,,,,,,7716,,,,,,,,,,
2019-04-07,119,,,,,,,,,,,24653,,,,,,,,,,
2019-04-08,69,,,,,,,,,,,14119,,,,,,,,,,
2019-04-09,71,,,,,,,,,,,9845,,,,,,,,,,
2019-04-10,87,,,,,,,,,,,7406,,,,,,,,,,
2019-04-11,75,,,,,,,,,,,5771,,,,,,,,,,
2019-04-12,116,,,,,,,,,,,5128,,,,,,,,,,
2019-04-13,101,,,,,,,,,,,4597,,,,,,,,,,
2019-04-14,79,,,,,,,,,,,4774,,,,,,,,,,
2019-04-15,86,,,,,,,,,,,4549,,,,,,,,,,
2019-04-16,76,,,,,,,,,,,4438,,,,,,,,,,
2019-04-17,96,,,,,,,,,,,4493,,,,,,,,,,
2019-04-18,96,,,,,,,,,,,4252,,,,,,,,,,
2019-04-19,68,,,,,,,,,,,3892,,,,,,,,,,
2019-04-20,84,,,,,,,,,,,3719,,,,,,,,,,
2019-04-21,87,,,,,,,,,,,4369,,,,,,,,,,
2019-04-22,86,,,,,,,,,,,4398,,,,,,,,,,
2019-04-23,89,,,,,,,,,,,4272,,,,,,,,,,
2019-04-24,70,,,,,,,,,,,4439,,,,,,,,,,
2019-04-25,81,,,,,,,,,,,4234,,,,,,,,,,
2019-04-26,73,,,,,,,,,,,5750,,,,,,,,,,
2019-04-27,74,,,,,,,,,,,3194,,,,,,,,,,
2019-04-28,61,,,,,,,,,,,3773,,,,,,,,,,
2019-04-29,70,,,,,,,,,,,4323,,,,,,,,,,
2019-04-30,81,,,,,,,,,,,3988,,,,,,,,,,
2019-05-01,105,,,,,,,,,,,3876,,,,,,,,,,
2019-05-02,65,,,,,,,,,,,4150,,,,,,,,,,
2019-05-03,85,,,,,,,,,,,3588,,,,,,,,,,
2019-05-04,79,,,,,,,,,,,2989,,,,,,,,,,
2019-05-05,85,,,,,,,,,,,3608,,,,,,,,,,
2019-05-06,103,,,,,,,,,,,3662,,,,,,,,,,
2019-05-07,98,,,,,,,,,,,3254,,,,,,,,,,
2019-05-08,105,,,,,,,,,,,3449,,,,,,,,,,
2019-05-09,77,,,,,,,,,,,3298,,,,,,,,,,
2019-05-10,81,,,,,,,,,,,5407,,,,,,,,,,
2019-05-11,84,,,,,,,,,,,3060,,,,,,,,,,
2019-05-12,69,,,,,,,,,,,3173,,,,,,,,,,
2019-05-13,79,,,,,,,,,,,3479,,,,,,,,,,
2019-05-14,81,,,,,,,,,,,3446,,,,,,,,,,
2019-05-15,91,,,,,,,,,,,3519,,,,,,,,,,
2019-05-16,104,,,,,,,,,,,4031,,,,,,,,,,
2019-05-17,84,,,,,,,,,,,3824,,,,,,,,,,
2019-05-18,65,,,,,,,,,,,3287,,,,,,,,,,
2019-05-19,63,,,,,,,,,,,3364,,,,,,,,,,
2019-05-20,73,,,,,,,,,,,3784,,,,,,,,,,
2019-05-21,89,,,,,,,,,,,3867,,,,,,,,,,
2019-05-22,89,,,,,,,,,,,3619,,,,,,,,,,
2019-05-23,80,,,,,,,,,,,3649,,,,,,,,,,
2019-05-24,95,,,,,,,,,,,3264,,,,,,,,,,
2019-05-25,75,,,,,,,,,,,3354,,,,,,,,,,
2019-05-26,78,,,,,,,,,,,3511,,,,,,,,,,
2019-05-27,87,,,,,,,,,,,3746,,,,,,,,,,
2019-05-28,73,,,,,,,,,,,3674,,,,,,,,,,
2019-05-29,81,,,,,,,,,,,3650,,,,,,,,,,
2019-05-30,86,,,,,,,,,,,3388,,,,,,,,,,
2019-05-31,63,,,,,,,,,,,3237,,,,,,,,,,
2019-06-01,70,,,,,,,,,,,2850,,,,,,,,,,
2019-06-02,72,,,,,,,,,,,3114,,,,,,,,,,
2019-06-03,83,,,,,,,,,,,5191,,,,,,,,,,
2019-06-04,63,,,,,,,,,,,5476,,,,,,,,,,
2019-06-05,58,,,,,,,,,,,3272,,,,,,,,,,
2019-06-06,108,,,,,,,,,,,3044,,,,,,,,,,
2019-06-07,79,,,,,,,,,,,3169,,,,,,,,,,
2019-06-08,59,,,,,,,,,,,4894,,,,,,,,,,
2019-06-09,63,,,,,,,,,,,2947,,,,,,,,,,
2019-06-10,65,,,,,,,,,,,3257,,,,,,,,,,
2019-06-11,83,,,,,,,,,,,3380,,,,,,,,,,
2019-06-12,69,,,,,,,,,,,3390,,,,,,,,,,
2019-06-13,87,,,,,,,,,,,3432,,,,,,,,,,
2019-06-14,58,,,,,,,,,,,4182,,,,,,,,,,
2019-06-15,71,,,,,,,,,,,2864,,,,,,,,,,
2019-06-16,76,,,,,,,,,,,2889,,,,,,,,,,
2019-06-17,64,,,,,,,,,,,4999,,,,,,,,,,
2019-06-18,79,,,,,,,,,,,3250,,,,,,,,,,
2019-06-19,92,,,,,,,,,,,3955,,,,,,,,,,
2019-06-20,78,,,,,,,,,,,3534,,,,,,,,,,
2019-06-21,73,,,,,,,,,,,2994,,,,,,,,,,
2019-06-22,117,,,,,,,,,,,3154,,,,,,,,,,
2019-06-23,77,,,,,,,,,,,3311,,,,,,,,,,
2019-06-24,74,,,,,,,,,,,3418,,,,,,,,,,
2019-06-25,63,,,,,,,,,,,3556,,,,,,,,,,
2019-06-26,63,,,,,,,,,,,3457,,,,,,,,,,
2019-06-27,78,,,,,,,,,,,3111,,,,,,,,,,
2019-06-28,82,,,,,,,,,,,3080,,,,,,,,,,
2019-06-29,191,,,,,,,,,,,2980,,,,,,,,,,
2019-06-30,73,,,,,,,,,,,3167,,,,,,,,,,
2019-07-01,57,,,,,,,,,,,4539,,,,,,,,,,
2019-07-02,66,,,,,,,,,,,3343,,,,,,,,,,
2019-07-03,97,,,,,,,,,,,3550,,,,,,,,,,
2019-07-04,83,,,,,,,,,,,3652,,,,,,,,,,
2019-07-05,65,,,,,,,,,,,3535,,,,,,,,,,
2019-07-06,79,,,,,,,,,,,3256,,,,,,,,,,
2019-07-07,63,,,,,,,,,,,4008,,,,,,,,,,
2019-07-08,58,,,,,,,,,,,4243,,,,,,,,,,
2019-07-09,91,,,,,,,,,,,4511,,,,,,,,,,
2019-07-10,77,,,,,,,,,,,4168,,,,,,,,,,
2019-07-11,84,,,,,,,,,,,4137,,,,,,,,,,
2019-07-12,53,,,,,,,,,,,4529,,,,,,,,,,
2019-07-13,89,,,,,,,,,,,4273,,,,,,,,,,
2019-07-14,86,,,,,,,,,,,3743,,,,,,,,,,
2019-07-15,72,,,,,,,,,,,3948,,,,,,,,,,
2019-07-16,79,,,,,,,,,,,3909,,,,,,,,,,
2019-07-17,56,,,,,,,,,,,4018,,,,,,,,,,
2019-07-18,58,,,,,,,,,,,4134,,,,,,,,,,
2019-07-19,71,,,,,,,,,,,4657,,,,,,,,,,
2019-07-20,44,,,,,,,,,,,3090,,,,,,,,,,
2019-07-21,55,,,,,,,,,,,4371,,,,,,,,,,
2019-07-22,66,,,,,,,,,,,3952,,,,,,,,,,
2019-07-23,70,,,,,,,,,,,3771,,,,,,,,,,
2019-07-24,77,,,,,,,,,,,3457,,,,,,,,,,
2019-07-25,77,,,,,,,,,,,3466,,,,,,,,,,
2019-07-26,67,,,,,,,,,,,3381,,,,,,,,,,
2019-07-27,89,,,,,,,,,,,4406,,,,,,,,,,
2019-07-28,74,,,,,,,,,,,7508,,,,,,,,,,
2019-07-29,69,,,,,,,,,,,4832,,,,,,,,,,
2019-07-30,74,,,,,,,,,,,4114,,,,,,,,,,
2019-07-31,75,,,,,,,,,,,3423,,,,,,,,,,
2019-08-01,87,,,,,,,,,,,4307,,,,,,,,,,
2019-08-02,122,,,,,,,,,,,4801,,,,,,,,,,
2019-08-03,67,,,,,,,,,,,3845,,,,,,,,,,
2019-08-04,66,,,,,,,,,,,3820,,,,,,,,,,
2019-08-05,95,,,,,,,,,,,3717,,,,,,,,,,
2019-08-06,49,,,,,,,,,,,3675,,,,,,,,,,
2019-08-07,67,,,,,,,,,,,3489,,,,,,,,,,
2019-08-08,65,,,,,,,,,,,3692,,,,,,,,,,
2019-08-09,56,,,,,,,,,,,3467,,,,,,,,,,
2019-08-10,102,,,,,,,,,,,5014,,,,,,,,,,
2019-08-11,101,,,,,,,,,,,3852,,,,,,,,,,
2019-08-12,78,,,,,,,,,,,4274,,,,,,,,,,
2019-08-13,80,,,,,,,,,,,3657,,,,,,,,,,
2019-08-14,83,,,,,,,,,,,3827,,,,,,,,,,
2019-08-15,62,,,,,,,,,,,3627,,,,,,,,,,
2019-08-16,38,,,,,,,,,,,3504,,,,,,,,,,
2019-08-17,58,,,,,,,,,,,3605,,,,,,,,,,
2019-08-18,52,,,,,,,,,,,3986,,,,,,,,,,
2019-08-19,57,,,,,,,,,,,5050,,,,,,,,,,
2019-08-20,94,,,,,,,,,,,3873,,,,,,,,,,
2019-08-21,75,,,,,,,,,,,5570,,,,,,,,,,
2019-08-22,63,,,,,,,,,,,3354,,,,,,,,,,
2019-08-23,64,,,,,,,,,,,4086,,,,,,,,,,
2019-08-24,89,,,,,,,,,,,3520,,,,,,,,,,
2019-08-25,78,,,,,,,,,,,3793,,,,,,,,,,
2019-08-26,63,,,,,,,,,,,4264,,,,,,,,,,
2019-08-27,168,,,,,,,,,,,3741,,,,,,,,,,
2019-08-28,90,,,,,,,,,,,3469,,,,,,,,,,
2019-08-29,84,,,,,,,,,,,3963,,,,,,,,,,
2019-08-30,70,,,,,,,,,,,3102,,,,,,,,,,
2019-08-31,91,,,,,,,,,,,2901,,,,,,,,,,
2019-09-01,53,,,,,,,,,,,4879,,,,,,,,,,
2019-09-02,174,,,,,,,,,,,3836,,,,,,,,,,
2019-09-03,122,,,,,,,,,,,3635,,,,,,,,,,
2019-09-04,87,,,,,,,,,,,3479,,,,,,,,,,
2019-09-05,87,,,,,,,,,,,5708,,,,,,,,,,
2019-09-06,79,,,,,,,,,,,3759,,,,,,,,,,
2019-09-07,77,,,,,,,,,,,3531,,,,,,,,,,
2019-09-08,68,,,,,,,,,,,3735,,,,,,,,,,
2019-09-09,80,,,,,,,,,,,3667,,,,,,,,,,
2019-09-10,70,,,,,,,,,,,4978,,,,,,,,,,
2019-09-11,65,,,,,,,,,,,4375,,,,,,,,,,
2019-09-12,87,,,,,,,,,,,3725,,,,,,,,,,
2019-09-13,58,,,,,,,,,,,3513,,,,,,,,,,
2019-09-14,55,,,,,,,,,,,3733,,,,,,,,,,
2019-09-15,85,,,,,,,,,,,3492,,,,,,,,,,
2019-09-16,198,,,,,,,,,,,5252,,,,,,,,,,
2019-09-17,59,,,,,,,,,,,3813,,,,,,,,,,
2019-09-18,61,,,,,,,,,,,3801,,,,,,,,,,
2019-09-19,83,,,,,,,,,,,3737,,,,,,,,,,
2019-09-20,61,,,,,,,,,,,3103,,,,,,,,,,
2019-09-21,65,,,,,,,,,,,3261,,,,,,,,,,
2019-09-22,77,,,,,,,,,,,3491,,,,,,,,,,
2019-09-23,76,,,,,,,,,,,4625,,,,,,,,,,
2019-09-24,87,,,,,,,,,,,3778,,,,,,,,,,
2019-09-25,93,,,,,,,,,,,3575,,,,,,,,,,
2019-09-26,100,,,,,,,,,,,3439,,,,,,,,,,
2019-09-27,74,,,,,,,,,,,3585,,,,,,,,,,
2019-09-28,85,,,,,,,,,,,3035,,,,,,,,,,
2019-09-29,59,,,,,,,,,,,3245,,,,,,,,,,
2019-09-30,73,,,,,,,,,,,4465,,,,,,,,,,
2019-10-01,60,,,,,,,,,,,4378,,,,,,,,,,
2019-10-02,52,,,,,,,,,,,3853,,,,,,,,,,
2019-10-03,75,,,,,,,,,,,3433,,,,,,,,,,
2019-10-04,92,,,,,,,,,,,3181,,,,,,,,,,
2019-10-05,75,,,,,,,,,,,3192,,,,,,,,,,
2019-10-06,77,,,,,,,,,,,3431,,,,,,,,,,
2019-10-07,88,,,,,,,,,,,4416,,,,,,,,,,
2019-10-08,93,,,,,,,,,,,4485,,,,,,,,,,
2019-10-09,87,,,,,,,,,,,4576,,,,,,,,,,
2019-10-10,72,,,,,,,,,,,5200,,,,,,,,,,
2019-10-11,80,,,,,,,,,,,4527,,,,,,,,,,
2019-10-12,77,,,,,,,,,,,3847,,,,,,,,,,
2019-10-13,92,,,,,,,,,,,3964,,,,,,,,,,
2019-10-14,67,,,,,,,,,,,4413,,,,,,,,,,
2019-10-15,64,,,,,,,,,,,4125,,,,,,,,,,
2019-10-16,169,,,,,,,,,,,4568,,,,,,,,,,
2019-10-17,87,,,,,,,,,,,4255,,,,,,,,,,
2019-10-18,61,,,,,,,,,,,4125,,,,,,,,,,
2019-10-19,50,,,,,,,,,,,4064,,,,,,,,,,
2019-10-20,79,,,,,,,,,,,4608,,,,,,,,,,
2019-10-21,65,,,,,,,,,,,4686,,,,,,,,,,
2019-10-22,57,,,,,,,,,,,4303,,,,,,,,,,
2019-10-23,41,,,,,,,,,,,4243,,,,,,,,,,
2019-10-24,86,,,,,,,,,,,4118,,,,,,,,,,
2019-10-25,53,,,,,,,,,,,3583,,,,,,,,,,
2019-10-26,85,,,,,,,,,,,3573,,,,,,,,,,
2019-10-27,68,,,,,,,,,,,3876,,,,,,,,,,
2019-10-28,98,,,,,,,,,,,4165,,,,,,,,,,
2019-10-29,70,,,,,,,,,,,3954,,,,,,,,,,
2019-10-30,75,,,,,,,,,,,3921,,,,,,,,,,
2019-10-31,67,,,,,,,,,,,4226,,,,,,,,,,
2019-11-01,94,,,,,,,,,,,3350,,,,,,,,,,
2019-11-02,60,,,,,,,,,,,3116,,,,,,,,,,
2019-11-03,76,,,,,,,,,,,4391,,,,,,,,,,
2019-11-04,80,,,,,,,,,,,4500,,,,,,,,,,
2019-11-05,89,,,,,,,,,,,3715,,,,,,,,,,
2019-11-06,87,,,,,,,,,,,3911,,,,,,,,,,
2019-11-07,84,,,,,,,,,,,3963,,,,,,,,,,
2019-11-08,95,,,,,,,,,,,4223,,,,,,,,,,
2019-11-09,99,,,,,,,,,,,3464,,,,,,,,,,
2019-11-10,91,,,,,,,,,,,3507,,,,,,,,,,
2019-11-11,112,,,,,,,,,,,3964,,,,,,,,,,
2019-11-12,220,,,,,,,,,,,4720,,,,,,,,,,
2019-11-13,234,,,,,,,,,,,4330,,,,,,,,,,
2019-11-14,154,,,,,,,,,,,4166,,,,,,,,,,
2019-11-15,64,,,,,,,,,,,3293,,,,,,,,,,
2019-11-16,91,,,,,,,,,,,3136,,,,,,,,,,
2019-11-17,92,,,,,,,,,,,3532,,,,,,,,,,
2019-11-18,89,,,,,,,,,,,3784,,,,,,,,,,
2019-11-19,74,,,,,,,,,,,3940,,,,,,,,,,
2019-11-20,101,,,,,,,,,,,3943,,,,,,,,,,
2019-11-21,94,,,,,,,,,,,3654,,,,,,,,,,
2019-11-22,105,,,,,,,,,,,3674,,,,,,,,,,
2019-11-23,75,,,,,,,,,,,3508,,,,,,,,,,
2019-11-24,80,,,,,,,,,,,3789,,,,,,,,,,
2019-11-25,94,,,,,,,,,,,3775,,,,,,,,,,
2019-11-26,76,,,,,,,,,,,3998,,,,,,,,,,
2019-11-27,102,,,,,,,,,,,3982,,,,,,,,,,
2019-11-28,129,,,,,,,,,,,3612,,,,,,,,,,
2019-11-29,104,,,,,,,,,,,3626,,,,,,,,,,
2019-11-30,63,,,,,,,,,,,3518,,,,,,,,,,
2019-12-01,73,,,,,,,,,,,3699,,,,,,,,,,
2019-12-02,75,,,,,,,,,,,3726,,,,,,,,,,
2019-12-03,90,,,,,,,,,,,3817,,,,,,,,,,
2019-12-04,70,,,,,,,,,,,4412,,,,,,,,,,
2019-12-05,102,,,,,,,,,,,4355,,,,,,,,,,
2019-12-06,81,,,,,,,,,,,3490,,,,,,,,,,
2019-12-07,68,,,,,,,,,,,3269,,,,,,,,,,
2019-12-08,77,,,,,,,,,,,4028,,,,,,,,,,
2019-12-09,56,,,,,,,,,,,3863,,,,,,,,,,
2019-12-10,163,,,,,,,,,,,3934,,,,,,,,,,
2019-12-11,93,,,,,,,,,,,4035,,,,,,,,,,
2019-12-12,66,,,,,,,,,,,3434,,,,,,,,,,
2019-12-13,99,,,,,,,,,,,3291,,,,,,,,,,
2019-12-14,91,,,,,,,,,,,2972,,,,,,,,,,
2019-12-15,71,,,,,,,,,,,3742,,,,,,,,,,
2019-12-16,89,,,,,,,,,,,3540,,,,,,,,,,
2019-12-17,86,,,,,,,,,,,4043,,,,,,,,,,
2019-12-18,67,,,,,,,,,,,3976,,,,,,,,,,
2019-12-19,88,,,,,,,,,,,3164,,,,,,,,,,
2019-12-20,63,,,,,,,,,,,3042,,,,,,,,,,
2019-12-21,53,,,,,,,,,,,2863,,,,,,,,,,
2019-12-22,69,,,,,,,,,,,2979,,,,,,,,,,
2019-12-23,61,,,,,,,,,,,3229,,,,,,,,,,
2019-12-24,96,,,,,,,,,,,2930,,,,,,,,,,
2019-12-25,85,,,,,,,,,,,3073,,,,,,,,,,
2019-12-26,61,,,,,,,,,,,3397,,,,,,,,,,
2019-12-27,67,,,,,,,,,,,3260,,,,,,,,,,
2019-12-28,87,,,,,,,,,,,3387,,,,,,,,,,
2019-12-29,92,,,,,,,,,,,4232,,,,,,,,,,
2019-12-30,100,,,,,,,,,,,3530,,,,,,,,,,
2019-12-31,98,,,,,,,,,,,3215,,,,,,,,,,
2020-01-01,48,,,,,,,,,,,4080,,,,,,,,,,
2020-01-02,73,,,,,,,,,,,3783,,,,,,,,,,
2020-01-03,59,,,,,,,,,,,3668,,,,,,,,,,
2020-01-04,76,,,,,,,,,,,3570,,,,,,,,,,
2020-01-05,88,,,,,,,,,,,3862,,,,,,,,,,
2020-01-06,73,,,,,,,,,,,5590,,,,,,,,,,
2020-01-07,66,,,,,,,,,,,4235,,,,,,,,,,
2020-01-08,65,,,,,,,,,,,4039,,,,,,,,,,
2020-01-09,50,,,,,,,,,,,3951,,,,,,,,,,
2020-01-10,42,,,,,,,,,,,3740,,,,,,,,,,
2020-01-11,32,,,,,,,,,,,3533,,,,,,,,,,
2020-01-12,46,,,,,,,,,,,3936,,,,,,,,,,
2020-01-13,44,,,,,,,,,,,3909,,,,,,,,,,
2020-01-14,51,,,,,,,,,,,3789,,,,,,,,,,
2020-01-15,51,,,,,,,,,,,3607,,,,,,,,,,
2020-01-16,98,,,,,,,,,,,3909,,,,,,,,,,
2020-01-17,58,,,,,,,,,,,3918,,,,,,,,,,
2020-01-18,46,,,,,,,,,,,3973,,,,,,,,,,
2020-01-19,52,,,,,,,,,,,3917,,,,,,,,,,
2020-01-20,60,,,,,,,,,,,4262,,,,,,,,,,
2020-01-21,58,,,,,,,,,,,4527,,,,,,,,,,
2020-01-22,36,,,,,,,,,,,4276,,,,,,,,,,
2020-01-23,41,,,,,,,,,,,4476,,,,,,,,,,
2020-01-24,47,,,,,,,,,,,4166,,,,,,,,,,
2020-01-25,51,,,,,,,,,,,3725,,,,,,,,,,
2020-01-26,45,,,,,,,,,,,3719,,,,,,,,,,
2020-01-27,56,,,,,,,,,,,4121,,,,,,,,,,
2020-01-28,43,,,,,,,,,,,4297,,,,,,,,,,
2020-01-29,47,,,,,,,,,,,6565,,,,,,,,,,
2020-01-30,44,,,,,,,,,,,5164,,,,,,,,,,
2020-01-31,60,,,,,,,,,,,4456,,,,,,,,,,
2020-02-01,39,,,,,,,,,,,3887,,,,,,,,,,
2020-02-02,52,,,,,,,,,,,3971,,,,,,,,,,
2020-02-03,68,,,,,,,,,,,3909,,,,,,,,,,
2020-02-04,44,,,,,,,,,,,4088,,,,,,,,,,
2020-02-05,57,,,,,,,,,,,4044,,,,,,,,,,
2020-02-06,56,,,,,,,,,,,4103,,,,,,,,,,
2020-02-07,63,,,,,,,,,,,3782,,,,,,,,,,
2020-02-08,56,,,,,,,,,,,3471,,,,,,,,,,
2020-02-09,65,,,,,,,,,,,4336,,,,,,,,,,
2020-02-10,61,,,,,,,,,,,4254,,,,,,,,,,
2020-02-11,73,,,,,,,,,,,4079,,,,,,,,,,
2020-02-12,80,,,,,,,,,,,3762,,,,,,,,,,
2020-02-13,53,,,,,,,,,,,3615,,,,,,,,,,
2020-02-14,63,,,,,,,,,,,3594,,,,,,,,,,
2020-02-15,70,,,,,,,,,,,3354,,,,,,,,,,
2020-02-16,82,,,,,,,,,,,4906,,,,,,,,,,
2020-02-17,108,,,,,,,,,,,4252,,,,,,,,,,
2020-02-18,84,,,,,,,,,,,3979,,,,,,,,,,
2020-02-19,74,,,,,,,,,,,3823,,,,,,,,,,
2020-02-20,65,,,,,,,,,,,4857,,,,,,,,,,
2020-02-21,66,,,,,,,,,,,4081,,,,,,,,,,
2020-02-22,54,,,,,,,,,,,3651,,,,,,,,,,
2020-02-23,47,,,,,,,,,,,4245,,,,,,,,,,
2020-02-24,50,,,,,,,,,,,4144,,,,,,,,,,
2020-02-25,65,,,,,,,,,,,4156,,,,,,,,,,
2020-02-26,81,,,,,,,,,,,3938,,,,,,,,,,
2020-02-27,92,,,,,,,,,,,3881,,,,,,,,,,
2020-02-28,78,,,,,,,,,,,3575,,,,,,,,,,
2020-02-29,73,,,,,,,,,,,3270,,,,,,,,,,
2020-03-01,78,,,,,,,,,,,3511,,,,,,,,,,
2020-03-02,82,,,,,,,,,,,3868,,,,,,,,,,
2020-03-03,75,,,,,,,,,,,3617,,,,,,,,,,
2020-03-04,79,,,,,,,,,,,3601,,,,,,,,,,
2020-03-05,57,,,,,,,,,,,3535,,,,,,,,,,
2020-03-06,73,,,,,,,,,,,3527,,,,,,,,,,
2020-03-07,52,,,,,,,,,,,3324,,,,,,,,,,
2020-03-08,73,,,,,,,,,,,3549,,,,,,,,,,
2020-03-09,55,,,,,,,,,,,3721,,,,,,,,,,
2020-03-10,47,,,,,,,,,,,4050,,,,,,,,,,
2020-03-11,46,,,,,,,,,,,3864,,,,,,,,,,
2020-03-12,54,,,,,,,,,,,4020,,,,,,,,,,
2020-03-13,47,,,,,,,,,,,3530,,,,,,,,,,
2020-03-14,60,,,,,,,,,,,3668,,,,,,,,,,
2020-03-15,73,,,,,,,,,,,4874,,,,,,,,,,
2020-03-16,58,,,,,,,,,,,3432,,,,,,,,,,
2020-03-17,72,,,,,,,,,,,3152,,,,,,,,,,
2020-03-18,90,,,,,,,,,,,3347,,,,,,,,,,
2020-03-19,76,,,,,,,,,,,3225,,,,,,,,,,
2020-03-20,58,,,,,,,,,,,3174,,,,,,,,,,
2020-03-21,83,,,,,,,,,,,3637,,,,,,,,,,
2020-03-22,66,,,,,,,,,,,4363,,,,,,,,,,
2020-03-23,80,,,,,,,,,,,4095,,,,,,,,,,
2020-03-24,83,,,,,,,,,,,4394,,,,,,,,,,
2020-03-25,98,,,,,,,,,,,11198,,,,,,,,,,
2020-03-26,99,,,,,,,,,,,4615,,,,,,,,,,
2020-03-27,96,,,,,,,,,,,4285,,,,,,,,,,
2020-03-28,64,,,,,,,,,,,4155,,,,,,,,,,
2020-03-29,77,,,,,,,,,,,5033,,,,,,,,,,
2020-03-30,60,,,,,,,,,,,4826,,,,,,,,,,
2020-03-31,75,,,,,,,,,,,4566,,,,,,,,,,
2020-04-01,78,,,,,,,,,,,4437,,,,,,,,,,
2020-04-02,72,,,,,,,,,,,4569,,,,,,,,,,
2020-04-03,82,,,,,,,,,,,4985,,,,,,,,,,
2020-04-04,74,,,,,,,,,,,4206,,,,,,,,,,
2020-04-05,71,,,,,,,,,,,6814,,,,,,,,,,
2020-04-06,123,,,,,,,,,,,6395,,,,,,,,,,
2020-04-07,90,,,,,,,,,,,6344,,,,,,,,,,
2020-04-08,72,,,,,,,,,,,5390,,,,,,,,,,
2020-04-09,110,,,,,,,,,,,4856,,,,,,,,,,
2020-04-10,74,,,,,,,,,,,4916,,,,,,,,,,
2020-04-11,92,,,,,,,,,,,5087,,,,,,,,,,
2020-04-12,63,,,,,,,,,,,5437,,,,,,,,,,
2020-04-13,69,,,,,,,,,,,5574,,,,,,,,,,
2020-04-14,93,,,,,,,,,,,4784,,,,,,,,,,
2020-04-15,50,,,,,,,,,,,4862,,,,,,,,,,
2020-04-16,70,,,,,,,,,,,4570,,,,,,,,,,
2020-04-17,70,,,,,,,,,,,6321,,,,,,,,,,
2020-04-18,91,,,,,,,,,,,4479,,,,,,,,,,
2020-04-19,60,,,,,,,,,,,4734,,,,,,,,,,
2020-04-20,77,,,,,,,,,,,4598,,,,,,,,,,
2020-04-21,52,,,,,,,,,,,4728,,,,,,,,,,
2020-04-22,90,,,,,,,,,,,4844,,,,,,,,,,
2020-04-23,66,,,,,,,,,,,4565,,,,,,,,,,
2020-04-24,74,,,,,,,,,,,4416,,,,,,,,,,
2020-04-25,75,,,,,,,,,,,4380,,,,,,,,,,
2020-04-26,42,,,,,,,,,,,4592,,,,,,,,,,
2020-04-27,67,,,,,,,,,,,4564,,,,,,,,,,
2020-04-28,64,,,,,,,,,,,4578,,,,,,,,,,
2020-04-29,62,,,,,,,,,,,4172,,,,,,,,,,
2020-04-30,58,,,,,,,,,,,4356,,,,,,,,,,
2020-05-01,64,,,,,,,,,,,4596,,,,,,,,,,
2020-05-02,83,,,,,,,,,,,4396,,,,,,,,,,
2020-05-03,62,,,,,,,,,,,4400,,,,,,,,,,
2020-05-04,64,,,,,,,,,,,4302,,,,,,,,,,
2020-05-05,59,,,,,,,,,,,4463,,,,,,,,,,
2020-05-06,53,,,,,,,,,,,4099,,,,,,,,,,
2020-05-07,84,,,,,,,,,,,4042,,,,,,,,,,
2020-05-08,76,,,,,,,,,,,3833,,,,,,,,,,
2020-05-09,41,,,,,,,,,,,3740,,,,,,,,,,
2020-05-10,62,,,,,,,,,,,3860,,,,,,,,,,
2020-05-11,65,,,,,,,,,,,3938,,,,,,,,,,
2020-05-12,55,,,,,,,,,,,3852,,,,,,,,,,
2020-05-13,64,,,,,,,,,,,3920,,,,,,,,,,
2020-05-14,47,,,,,,,,,,,3984,,,,,,,,,,
2020-05-15,67,,,,,,,,,,,3645,,,,,,,,,,
2020-05-16,63,,,,,,,,,,,8756,,,,,,,,,,
2020-05-17,63,,,,,,,,,,,8558,,,,,,,,,,
2020-05-18,81,,,,,,,,,,,6001,,,,,,,,,,
2020-05-19,56,,,,,,,,,,,4993,,,,,,,,,,
2020-05-20,57,,,,,,,,,,,4560,,,,,,,,,,
2020-05-21,39,,,,,,,,,,,4541,,,,,,,,,,
2020-05-22,37,,,,,,,,,,,4272,,,,,,,,,,
2020-05-23,43,,,,,,,,,,,3976,,,,,,,,,,
2020-05-24,47,,,,,,,,,,,4429,,,,,,,,,,
2020-05-25,49,,,,,,,,,,,4419,,,,,,,,,,
2020-05-26,73,,,,,,,,,,,4155,,,,,,,,,,
2020-05-27,60,,,,,,,,,,,4063,,,,,,,,,,
2020-05-28,34,,,,,,,,,,,3839,,,,,,,,,,
2020-05-29,35,,,,,,,,,,,3581,,,,,,,,,,
2020-05-30,59,,,,,,,,,,,3498,,,,,,,,,,
2020-05-31,34,,,,,,,,,,,3789,,,,,,,,,,
2020-06-01,58,,,,,,,,,,,3646,,,,,,,,,,
2020-06-02,39,,,,,,,,,,,3664,,,,,,,,,,
2020-06-03,58,,,,,,,,,,,5037,,,,,,,,,,
2020-06-04,33,,,,,,,,,,,3856,,,,,,,,,,
2020-06-05,54,,,,,,,,,,,4015,,,,,,,,,,
2020-06-06,54,,,,,,,,,,,4197,,,,,,,,,,
2020-06-07,41,,,,,,,,,,,4074,,,,,,,,,,
2020-06-08,40,,,,,,,,,,,5378,,,,,,,,,,
2020-06-09,38,,,,,,,,,,,5397,,,,,,,,,,
2020-06-10,36,,,,,,,,,,,5506,,,,,,,,,,
2020-06-11,26,,,,,,,,,,,4554,,,,,,,,,,
2020-06-12,43,,,,,,,,,,,4208,,,,,,,,,,
2020-06-13,43,,,,,,,,,,,4057,,,,,,,,,,
2020-06-14,44,,,,,,,,,,,4004,,,,,,,,,,
2020-06-15,49,,,,,,,,,,,4866,,,,,,,,,,
2020-06-16,41,,,,,,,,,,,3853,,,,,,,,,,
2020-06-17,88,,,,,,,,,,,3602,,,,,,,,,,
2020-06-18,73,,,,,,,,,,,3954,,,,,,,,,,
2020-06-19,33,,,,,,,,,,,3599,,,,,,,,,,
2020-06-20,39,,,,,,,,,,,3579,,,,,,,,,,
2020-06-21,45,,,,,,,,,,,3457,,,,,,,,,,
2020-06-22,57,,,,,,,,,,,3662,,,,,,,,,,
2020-06-23,48,,,,,,,,,,,3374,,,,,,,,,,
2020-06-24,57,,,,,,,,,,,3069,,,,,,,,,,
2020-06-25,35,,,,,,,,,,,3486,,,,,,,,,,
2020-06-26,48,,,,,,,,,,,3369,,,,,,,,,,
2020-06-27,51,,,,,,,,,,,3456,,,,,,,,,,
2020-06-28,49,,,,,,,,,,,3614,,,,,,,,,,
2020-06-29,59,,,,,,,,,,,3504,,,,,,,,,,
2020-06-30,49,,,,,,,,,,,4103,,,,,,,,,,
2020-07-01,46,,,,,,,,,,,6053,,,,,,,,,,
2020-07-02,48,,,,,,,,,,,3851,,,,,,,,,,
2020-07-03,41,,,,,,,,,,,3814,,,,,,,,,,
2020-07-04,43,,,,,,,,,,,4105,,,,,,,,,,
2020-07-05,52,,,,,,,,,,,3801,,,,,,,,,,
2020-07-06,38,,,,,,,,,,,3561,,,,,,,,,,
2020-07-07,20,,,,,,,,,,,4740,,,,,,,,,,
2020-07-08,33,,,,,,,,,,,3720,,,,,,,,,,
2020-07-09,46,,,,,,,,,,,3550,,,,,,,,,,
2020-07-10,25,,,,,,,,,,,3695,,,,,,,,,,
2020-07-11,57,,,,,,,,,,,4359,,,,,,,,,,
2020-07-12,46,,,,,,,,,,,3983,,,,,,,,,,
2020-07-13,35,,,,,,,,,,,3346,,,,,,,,,,
2020-07-14,46,,,,,,,,,,,3432,,,,,,,,,,
2020-07-15,42,,,,,,,,,,,5039,,,,,,,,,,
2020-07-16,56,,,,,,,,,,,4325,,,,,,,,,,
2020-07-17,32,,,,,,,,,,,3876,,,,,,,,,,
2020-07-18,98,,,,,,,,,,,3899,,,,,,,,,,
2020-07-19,73,,,,,,,,,,,6762,,,,,,,,,,
2020-07-20,37,,,,,,,,,,,4498,,,,,,,,,,
2020-07-21,32,,,,,,,,,,,3536,,,,,,,,,,
2020-07-22,31,,,,,,,,,,,4058,,,,,,,,,,
2020-07-23,42,,,,,,,,,,,3578,,,,,,,,,,
2020-07-24,34,,,,,,,,,,,3365,,,,,,,,,,
2020-07-25,33,,,,,,,,,,,3258,,,,,,,,,,
2020-07-26,19,,,,,,,,,,,7581,,,,,,,,,,
2020-07-27,22,,,,,,,,,,,5111,,,,,,,,,,
2020-07-28,26,,,,,,,,,,,4040,,,,,,,,,,
2020-07-29,29,,,,,,,,,,,3330,,,,,,,,,,
2020-07-30,30,,,,,,,,,,,3688,,,,,,,,,,
2020-07-31,44,,,,,,,,,,,3026,,,,,,,,,,
2020-08-01,34,,,,,,,,,,,3658,,,,,,,,,,
2020-08-02,16,,,,,,,,,,,3518,,,,,,,,,,
2020-08-03,29,,,,,,,,,,,3910,,,,,,,,,,
2020-08-04,34,,,,,,,,,,,3366,,,,,,,,,,
2020-08-05,17,,,,,,,,,,,4701,,,,,,,,,,
2020-08-06,29,,,,,,,,,,,5908,,,,,,,,,,
2020-08-07,32,,,,,,,,,,,5981,,,,,,,,,,
2020-08-08,18,,,,,,,,,,,6681,,,,,,,,,,
2020-08-09,36,,,,,,,,,,,7351,,,,,,,,,,
2020-08-10,37,,,,,,,,,,,6534,,,,,,,,,,
2020-08-11,32,,,,,,,,,,,6260,,,,,,,,,,
2020-08-12,19,,,,,,,,,,,5212,,,,,,,,,,
2020-08-13,17,,,,,,,,,,,4965,,,,,,,,,,
2020-08-14,30,,,,,,,,,,,4573,,,,,,,,,,
2020-08-15,30,,,,,,,,,,,4546,,,,,,,,,,
2020-08-16,24,,,,,,,,,,,4879,,,,,,,,,,
2020-08-17,18,,,,,,,,,,,4489,,,,,,,,,,
2020-08-18,26,,,,,,,,,,,4117,,,,,,,,,,
2020-08-19,32,,,,,,,,,,,4122,,,,,,,,,,
2020-08-20,29,,,,,,,,,,,3670,,,,,,,,,,
2020-08-21,24,,,,,,,,,,,3597,,,,,,,,,,
2020-08-22,28,,,,,,,,,,,3761,,,,,,,,,,
2020-08-23,24,,,,,,,,,,,3837,,,,,,,,,,
2020-08-24,27,,,,,,,,,,,3832,,,,,,,,,,
2020-08-25,30,,,,,,,,,,,4465,,,,,,,,,,
2020-08-26,30,,,,,,,,,,,3813,,,,,,,,,,
2020-08-27,26,,,,,,,,,,,3874,,,,,,,,,,
2020-08-28,32,,,,,,,,,,,3556,,,,,,,,,,
2020-08-29,22,,,,,,,,,,,3770,,,,,,,,,,
2020-08-30,29,,,,,,,,,,,3903,,,,,,,,,,
2020-08-31,30,,,,,,,,,,,5867,,,,,,,,,,
2020-09-01,40,,,,,,,,,,,5105,,,,,,,,,,
2020-09-02,19,,,,,,,,,,,4074,,,,,,,,,,
2020-09-03,21,,,,,,,,,,,4069,,,,,,,,,,
2020-09-04,34,,,,,,,,,,,3657,,,,,,,,,,
2020-09-05,11,,,,,,,,,,,3573,,,,,,,,,,
2020-09-06,21,,,,,,,,,,,3870,,,,,,,,,,
2020-09-07,18,,,,,,,,,,,4814,,,,,,,,,,
2020-09-08,25,,,,,,,,,,,4492,,,,,,,,,,
2020-09-09,28,,,,,,,,,,,3874,,,,,,,,,,
2020-09-10,36,,,,,,,,,,,3613,,,,,,,,,,
2020-09-11,22,,,,,,,,,,,4499,,,,,,,,,,
2020-09-12,33,,,,,,,,,,,3599,,,,,,,,,,
2020-09-13,31,,,,,,,,,,,3727,,,,,,,,,,
2020-09-14,356,,,,,,,,,,,4020,,,,,,,,,,
2020-09-15,273,,,,,,,,,,,4663,,,,,,,,,,
2020-09-16,216,,,,,,,,,,,3986,,,,,,,,,,
2020-09-17,150,,,,,,,,,,,3640,,,,,,,,,,
2020-09-18,103,,,,,,,,,,,3420,,,,,,,,,,
2020-09-19,44,,,,,,,,,,,4577,,,,,,,,,,
2020-09-20,34,,,,,,,,,,,4268,,,,,,,,,,
2020-09-21,26,,,,,,,,,,,3966,,,,,,,,,,
2020-09-22,44,,,,,,,,,,,3474,,,,,,,,,,
2020-09-23,28,,,,,,,,,,,3557,,,,,,,,,,
2020-09-24,34,,,,,,,,,,,3447,,,,,,,,,,
2020-09-25,235,,,,,,,,,,,3341,,,,,,,,,,
2020-09-26,29,,,,,,,,,,,3253,,,,,,,,,,
2020-09-27,27,,,,,,,,,,,3433,,,,,,,,,,
2020-09-28,25,,,,,,,,,,,3612,,,,,,,,,,
2020-09-29,15,,,,,,,,,,,3524,,,,,,,,,,
2020-09-30,15,,,,,,,,,,,3225,,,,,,,,,,
2020-10-01,25,,,,,,,,,,,8427,,,,,,,,,,
2020-10-02,22,,,,,,,,,,,3454,,,,,,,,,,
2020-10-03,20,,,,,,,,,,,3079,,,,,,,,,,
2020-10-04,22,,,,,,,,,,,4170,,,,,,,,,,
2020-10-05,32,,,,,,,,,,,3709,,,,,,,,,,
2020-10-06,41,,,,,,,,,,,3391,,,,,,,,,,
2020-10-07,15,,,,,,,,,,,3299,,,,,,,,,,
2020-10-08,29,,,,,,,,,,,3166,,,,,,,,,,
2020-10-09,23,,,,,,,,,,,3375,,,,,,,,,,
2020-10-10,20,,,,,,,,,,,2881,,,,,,,,,,
2020-10-11,43,,,,,,,,,,,3364,,,,,,,,,,
2020-10-12,18,,,,,,,,,,,3192,,,,,,,,,,
2020-10-13,22,,,,,,,,,,,3368,,,,,,,,,,
2020-10-14,29,,,,,,,,,,,3331,,,,,,,,,,
2020-10-15,20,,,,,,,,,,,3316,,,,,,,,,,
2020-10-16,27,,,,,,,,,,,3142,,,,,,,,,,
2020-10-17,31,,,,,,,,,,,3158,,,,,,,,,,
2020-10-18,16,,,,,,,,,,,4113,,,,,,,,,,
2020-10-19,26,,,,,,,,,,,3546,,,,,,,,,,
2020-10-20,50,,,,,,,,,,,3435,,,,,,,,,,
2020-10-21,19,,,,,,,,,,,3654,,,,,,,,,,
2020-10-22,14,,,,,,,,,,,3497,,,,,,,,,,
2020-10-23,33,,,,,,,,,,,3237,,,,,,,,,,
2020-10-24,36,,,,,,,,,,,3187,,,,,,,,,,
2020-10-25,19,,,,,,,,,,,3757,,,,,,,,,,
2020-10-26,13,,,,,,,,,,,3931,,,,,,,,,,
2020-10-27,30,,,,,,,,,,,3794,,,,,,,,,,
2020-10-28,23,,,,,,,,,,,3723,,,,,,,,,,
2020-10-29,14,,,,,,,,,,,3461,,,,,,,,,,
2020-10-30,26,,,,,,,,,,,3260,,,,,,,,,,
2020-10-31,36,,,,,,,,,,,3022,,,,,,,,,,
2020-11-01,27,,,,,,,,,,,3883,,,,,,,,,,
2020-11-02,17,,,,,,,,,,,3528,,,,,,,,,,
2020-11-03,32,,,,,,,,,,,3485,,,,,,,,,,
2020-11-04,20,,,,,,,,,,,2840,,,,,,,,,,
2020-11-05,24,,,,,,,,,,,3119,,,,,,,,,,
2020-11-06,29,,,,,,,,,,,3052,,,,,,,,,,
2020-11-07,27,,,,,,,,,,,2907,,,,,,,,,,
2020-11-08,33,,,,,,,,,,,3442,,,,,,,,,,
2020-11-09,21,,,,,,,,,,,3388,,,,,,,,,,
2020-11-10,31,,,,,,,,,,,3418,,,,,,,,,,
2020-11-11,29,,,,,,,,,,,3323,,,,,,,,,,
2020-11-12,26,,,,,,,,,,,3541,,,,,,,,,,
2020-11-13,22,,,,,,,,,,,3298,,,,,,,,,,
2020-11-14,14,,,,,,,,,,,2945,,,,,,,,,,
2020-11-15,34,,,,,,,,,,,3340,,,,,,,,,,
2020-11-16,19,,,,,,,,,,,3512,,,,,,,,,,
2020-11-17,24,,,,,,,,,,,3691,,,,,,,,,,
2020-11-18,23,,,,,,,,,,,5290,,,,,,,,,,
2020-11-19,27,,,,,,,,,,,4257,,,,,,,,,,
2020-11-20,16,,,,,,,,,,,3573,,,,,,,,,,
2020-11-21,36,,,,,,,,,,,3350,,,,,,,,,,
2020-11-22,31,,,,,,,,,,,4640,,,,,,,,,,
2020-11-23,14,,,,,,,,,,,3942,,,,,,,,,,
2020-11-24,24,,,,,,,,,,,3653,,,,,,,,,,
2020-11-25,26,,,,,,,,,,,3541,,,,,,,,,,
2020-11-26,14,,,,,,,,,,,3619,,,,,,,,,,
2020-11-27,27,,,,,,,,,,,3330,,,,,,,,,,
2020-11-28,28,,,,,,,,,,,3446,,,,,,,,,,
2020-11-29,17,,,,,,,,,,,4241,,,,,,,,,,
2020-11-30,30,,,,,,,,,,,3707,,,,,,,,,,
2020-12-01,25,,,,,,,,,,,3727,,,,,,,,,,
2020-12-02,19,,,,,,,,,,,3654,,,,,,,,,,
2020-12-03,22,,,,,,,,,,,3678,,,,,,,,,,
2020-12-04,21,,,,,,,,,,,3707,,,,,,,,,,
2020-12-05,15,,,,,,,,,,,3200,,,,,,,,,,
2020-12-06,21,,,,,,,,,,,3391,,,,,,,,,,
2020-12-07,28,,,,,,,,,,,3462,,,,,,,,,,
2020-12-08,22,,,,,,,,,,,3446,,,,,,,,,,
2020-12-09,19,,,,,,,,,,,3507,,,,,,,,,,
2020-12-10,21,,,,,,,,,,,3659,,,,,,,,,,
2020-12-11,22,,,,,,,,,,,4862,,,,,,,,,,
2020-12-12,26,,,,,,,,,,,3519,,,,,,,,,,
2020-12-13,20,,,,,,,,,,,3832,,,,,,,,,,
2020-12-14,23,,,,,,,,,,,3419,,,,,,,,,,
2020-12-15,12,,,,,,,,,,,3486,,,,,,,,,,
2020-12-16,33,,,,,,,,,,,3793,,,,,,,,,,
2020-12-17,11,,,,,,,,,,,3418,,,,,,,,,,
2020-12-18,17,,,,,,,,,,,3326,,,,,,,,,,
2020-12-19,14,,,,,,,,,,,3224,,,,,,,,,,
2020-12-20,23,,,,,,,,,,,3218,,,,,,,,,,
2020-12-21,19,,,,,,,,,,,3566,,,,,,,,,,
2020-12-22,27,,,,,,,,,,,3752,,,,,,,,,,
2020-12-23,20,,,,,,,,,,,3289,,,,,,,,,,
2020-12-24,22,,,,,,,,,,,2919,,,,,,,,,,
2020-12-25,11,,,,,,,,,,,2750,,,,,,,,,,
2020-12-26,12,,,,,,,,,,,4842,,,,,,,,,,
2020-12-27,26,,,,,,,,,,,3744,,,,,,,,,,
2020-12-28,21,,,,,,,,,,,3617,,,,,,,,,,
2020-12-29,25,,,,,,,,,,,3539,,,,,,,,,,
2020-12-30,13,,,,,,,,,,,3212,,,,,,,,,,
2020-12-31,13,,,,,,,,,,,2982,,,,,,,,,,
2021-01-01,19,,,,,,,,,,,3155,,,,,,,,,,
2021-01-02,12,,,,,,,,,,,3536,,,,,,,,,,
2021-01-03,21,,,,,,,,,,,3965,,,,,,,,,,
2021-01-04,13,,,,,,,,,,,4345,,,,,,,,,,
2021-01-05,21,,,,,,,,,,,3713,,,,,,,,,,
2021-01-06,18,,,,,,,,,,,3358,,,,,,,,,,
2021-01-07,14,,,,,,,,,,,3400,,,,,,,,,,
2021-01-08,22,,,,,,,,,,,3617,,,,,,,,,,
2021-01-09,29,,,,,,,,,,,5465,,,,,,,,,,
2021-01-10,31,,,,,,,,,,,4161,,,,,,,,,,
2021-01-11,24,,,,,,,,,,,4048,,,,,,,,,,
2021-01-12,14,,,,,,,,,,,3882,,,,,,,,,,
2021-01-13,31,,,,,,,,,,,3925,,,,,,,,,,
2021-01-14,31,,,,,,,,,,,4580,,,,,,,,,,
2021-01-15,7,,,,,,,,,,,4167,,,,,,,,,,
2021-01-16,25,,,,,,,,,,,4046,,,,,,,,,,
2021-01-17,14,,,,,,,,,,,4130,,,,,,,,,,
2021-01-18,53,,,,,,,,,,,4678,,,,,,,,,,
2021-01-19,26,,,,,,,,,,,4195,,,,,,,,,,
2021-01-20,39,,,,,,,,,,,3623,,,,,,,,,,
2021-01-21,47,,,,,,,,,,,3682,,,,,,,,,,
2021-01-22,49,,,,,,,,,,,4183,,,,,,,,,,
2021-01-23,59,,,,,,,,,,,3766,,,,,,,,,,
2021-01-24,49,,,,,,,,,,,4271,,,,,,,,,,
2021-01-25,75,,,,,,,,,,,3741,,,,,,,,,,
2021-01-26,49,,,,,,,,,,,4216,,,,,,,,,,
2021-01-27,16,,,,,,,,,,,4101,,,,,,,,,,
2021-01-28,20,,,,,,,,,,,4039,,,,,,,,,,
2021-01-29,17,,,,,,,,,,,4019,,,,,,,,,,
2021-01-30,54,,,,,,,,,,,6052,,,,,,,,,,
2021-01-31,8,,,,,,,,,,,4542,,,,,,,,,,
2021-02-01,23,,,,,,,,,,,4577,,,,,,,,,,
2021-02-02,14,,,,,,,,,,,3970,,,,,,,,,,
2021-02-03,17,,,,,,,,,,,4174,,,,,,,,,,
2021-02-04,19,,,,,,,,,,,4548,,,,,,,,,,
2021-02-05,21,,,,,,,,,,,3875,,,,,,,,,,
2021-02-06,13,,,,,,,,,,,4099,,,,,,,,,,
2021-02-07,22,,,,,,,,,,,4166,,,,,,,,,,
2021-02-08,16,,,,,,,,,,,3967,,,,,,,,,,
2021-02-09,15,,,,,,,,,,,3991,,,,,,,,,,
2021-02-10,25,,,,,,,,,,,4245,,,,,,,,,,
2021-02-11,22,,,,,,,,,,,4502,,,,,,,,,,
2021-02-12,30,,,,,,,,,,,3730,,,,,,,,,,
2021-02-13,31,,,,,,,,,,,3640,,,,,,,,,,
2021-02-14,105,,,,,,,,,,,4851,,,,,,,,,,
2021-02-15,321,,,,,,,,,,,4377,,,,,,,,,,
2021-02-16,114,,,,,,,,,,,4762,,,,,,,,,,
2021-02-17,110,,,,,,,,,,,5046,,,,,,,,,,
2021-02-18,68,,,,,,,,,,,6095,,,,,,,,,,
2021-02-19,56,,,,,,,,,,,5086,,,,,,,,,,
2021-02-20,75,,,,,,,,,,,3931,,,,,,,,,,
2021-02-21,43,,,,,,,,,,,5362,,,,,,,,,,
2021-02-22,73,,,,,,,,,,,5708,,,,,,,,,,
2021-02-23,183,,,,,,,,,,,5315,,,,,,,,,,
2021-02-24,175,,,,,,,,,,,4446,,,,,,,,,,
2021-02-25,132,,,,,,,,,,,4521,,,,,,,,,,
2021-02-26,44,,,,,,,,,,,4176,,,,,,,,,,
2021-02-27,37,,,,,,,,,,,3964,,,,,,,,,,
2021-02-28,37,,,,,,,,,,,4536,,,,,,,,,,
2021-03-01,42,,,,,,,,,,,4209,,,,,,,,,,
2021-03-02,41,,,,,,,,,,,4215,,,,,,,,,,
2021-03-03,34,,,,,,,,,,,4397,,,,,,,,,,
2021-03-04,40,,,,,,,,,,,4217,,,,,,,,,,
2021-03-05,37,,,,,,,,,,,3990,,,,,,,,,,
2021-03-06,44,,,,,,,,,,,4642,,,,,,,,,,
2021-03-07,27,,,,,,,,,,,5588,,,,,,,,,,
2021-03-08,65,,,,,,,,,,,4967,,,,,,,,,,
2021-03-09,46,,,,,,,,,,,4422,,,,,,,,,,
2021-03-10,30,,,,,,,,,,,4205,,,,,,,,,,
2021-03-11,41,,,,,,,,,,,4002,,,,,,,,,,
2021-03-12,36,,,,,,,,,,,4086,,,,,,,,,,
2021-03-13,19,,,,,,,,,,,3577,,,,,,,,,,
2021-03-14,29,,,,,,,,,,,5646,,,,,,,,,,
2021-03-15,40,,,,,,,,,,,4616,,,,,,,,,,
2021-03-16,45,,,,,,,,,,,4332,,,,,,,,,,
2021-03-17,38,,,,,,,,,,,4106,,,,,,,,,,
2021-03-18,20,,,,,,,,,,,4427,,,,,,,,,,
2021-03-19,28,,,,,,,,,,,4459,,,,,,,,,,
2021-03-20,17,,,,,,,,,,,4118,,,,,,,,,,
2021-03-21,22,,,,,,,,,,,5020,,,,,,,,,,
2021-03-22,31,,,,,,,,,,,5211,,,,,,,,,,
2021-03-23,36,,,,,,,,,,,4720,,,,,,,,,,
2021-03-24,45,,,,,,,,,,,4652,,,,,,,,,,
2021-03-25,28,,,,,,,,,,,4878,,,,,,,,,,
2021-03-26,9,,,,,,,,,,,5133,,,,,,,,,,
2021-03-27,28,,,,,,,,,,,5590,,,,,,,,,,
2021-03-28,34,,,,,,,,,,,4868,,,,,,,,,,
2021-03-29,33,,,,,,,,,,,5434,,,,,,,,,,
2021-03-30,33,,,,,,,,,,,4978,,,,,,,,,,
2021-03-31,27,,,,,,,,,,,4856,,,,,,,,,,
2021-04-01,18,,,,,,,,,,,4179,,,,,,,,,,
2021-04-02,33,,,,,,,,,,,4251,,,,,,,,,,
2021-04-03,14,,,,,,,,,,,5346,,,,,,,,,,
2021-04-04,22,,,,,,,,,,,4127,,,,,,,,,,
2021-04-05,21,,,,,,,,,,,4892,,,,,,,,,,
2021-04-06,23,,,,,,,,,,,4788,,,,,,,,,,
2021-04-07,18,,,,,,,,,,,7745,,,,,,,,,,
2021-04-08,29,,,,,,,,,,,5148,,,,,,,,,,
2021-04-09,33,,,,,,,,,,,4270,,,,,,,,,,
2021-04-10,22,,,,,,,,,,,3895,,,,,,,,,,
2021-04-11,17,,,,,,,,,,,4140,,,,,,,,,,
2021-04-12,25,,,,,,,,,,,4284,,,,,,,,,,
2021-04-13,25,,,,,,,,,,,4323,,,,,,,,,,
2021-04-14,22,,,,,,,,,,,4164,,,,,,,,,,
2021-04-15,20,,,,,,,,,,,4117,,,,,,,,,,
2021-04-16,15,,,,,,,,,,,3727,,,,,,,,,,
2021-04-17,22,,,,,,,,,,,3966,,,,,,,,,,
2021-04-18,18,,,,,,,,,,,20403,,,,,,,,,,
2021-04-19,28,,,,,,,,,,,5921,,,,,,,,,,
2021-04-20,13,,,,,,,,,,,6214,,,,,,,,,,
2021-04-21,8,,,,,,,,,,,4606,,,,,,,,,,
2021-04-22,29,,,,,,,,,,,4169,,,,,,,,,,
2021-04-23,31,,,,,,,,,,,4163,,,,,,,,,,
2021-04-24,18,,,,,,,,,,,3879,,,,,,,,,,
2021-04-25,12,,,,,,,,,,,3808,,,,,,,,,,
2021-04-26,18,,,,,,,,,,,4038,,,,,,,,,,
2021-04-27,26,,,,,,,,,,,3882,,,,,,,,,,
2021-04-28,32,,,,,,,,,,,3953,,,,,,,,,,
2021-04-29,16,,,,,,,,,,,4113,,,,,,,,,,
2021-04-30,31,,,,,,,,,,,3595,,,,,,,,,,
2021-05-01,22,,,,,,,,,,,3401,,,,,,,,,,
2021-05-02,21,,,,,,,,,,,3529,,,,,,,,,,
2021-05-03,24,,,,,,,,,,,4373,,,,,,,,,,
2021-05-04,11,,,,,,,,,,,4152,,,,,,,,,,
2021-05-05,24,,,,,,,,,,,4749,,,,,,,,,,
2021-05-06,14,,,,,,,,,,,4502,,,,,,,,,,
2021-05-07,18,,,,,,,,,,,3782,,,,,,,,,,
2021-05-08,10,,,,,,,,,,,3964,,,,,,,,,,
2021-05-09,36,,,,,,,,,,,4258,,,,,,,,,,
2021-05-10,24,,,,,,,,,,,5367,,,,,,,,,,
2021-05-11,12,,,,,,,,,,,4765,,,,,,,,,,
2021-05-12,30,,,,,,,,,,,4698,,,,,,,,,,
2021-05-13,16,,,,,,,,,,,4663,,,,,,,,,,
2021-05-14,16,,,,,,,,,,,4679,,,,,,,,,,
2021-05-15,27,,,,,,,,,,,4416,,,,,,,,,,
2021-05-16,16,,,,,,,,,,,6921,,,,,,,,,,
2021-05-17,16,,,,,,,,,,,5881,,,,,,,,,,
2021-05-18,23,,,,,,,,,,,5182,,,,,,,,,,
2021-05-19,18,,,,,,,,,,,4702,,,,,,,,,,
2021-05-20,20,,,,,,,,,,,4465,,,,,,,,,,
2021-05-21,12,,,,,,,,,,,4016,,,,,,,,,,
2021-05-22,23,,,,,,,,,,,4262,,,,,,,,,,
2021-05-23,22,,,,,,,,,,,5708,,,,,,,,,,
2021-05-24,23,,,,,,,,,,,4986,,,,,,,,,,
2021-05-25,33,,,,,,,,,,,4729,,,,,,,,,,
2021-05-26,32,,,,,,,,,,,4854,,,,,,,,,,
2021-05-27,14,,,,,,,,,,,11053,,,,,,,,,,
2021-05-28,18,,,,,,,,,,,8558,,,,,,,,,,
2021-05-29,29,,,,,,,,,,,6981,,,,,,,,,,
2021-05-30,15,,,,,,,,,,,5718,,,,,,,,,,
2021-05-31,21,,,,,,,,,,,5188,,,,,,,,,,
2021-06-01,29,,,,,,,,,,,5015,,,,,,,,,,
2021-06-02,17,,,,,,,,,,,4457,,,,,,,,,,
2021-06-03,16,,,,,,,,,,,4796,,,,,,,,,,
2021-06-04,19,,,,,,,,,,,4409,,,,,,,,,,
2021-06-05,18,,,,,,,,,,,3804,,,,,,,,,,
2021-06-06,14,,,,,,,,,,,3954,,,,,,,,,,
2021-06-07,26,,,,,,,,,,,4146,,,,,,,,,,
2021-06-08,26,,,,,,,,,,,4224,,,,,,,,,,
2021-06-09,20,,,,,,,,,,,3886,,,,,,,,,,
2021-06-10,23,,,,,,,,,,,3872,,,,,,,,,,
2021-06-11,21,,,,,,,,,,,3736,,,,,,,,,,
2021-06-12,23,,,,,,,,,,,3492,,,,,,,,,,
2021-06-13,25,,,,,,,,,,,3551,,,,,,,,,,
2021-06-14,18,,,,,,,,,,,3591,,,,,,,,,,
2021-06-15,31,,,,,,,,,,,3669,,,,,,,,,,
2021-06-16,25,,,,,,,,,,,3594,,,,,,,,,,
2021-06-17,30,,,,,,,,,,,3850,,,,,,,,,,
2021-06-18,14,,,,,,,,,,,3589,,,,,,,,,,
2021-06-19,47,,,,,,,,,,,3596,,,,,,,,,,
2021-06-20,17,,,,,,,,,,,4018,,,,,,,,,,
2021-06-21,23,,,,,,,,,,,3986,,,,,,,,,,
2021-06-22,22,,,,,,,,,,,3952,,,,,,,,,,
2021-06-23,11,,,,,,,,,,,3688,,,,,,,,,,
2021-06-24,29,,,,,,,,,,,3657,,,,,,,,,,
2021-06-25,14,,,,,,,,,,,4108,,,,,,,,,,
2021-06-26,16,,,,,,,,,,,3605,,,,,,,,,,
2021-06-27,13,,,,,,,,,,,3844,,,,,,,,,,
2021-06-28,16,,,,,,,,,,,4631,,,,,,,,,,
2021-06-29,10,,,,,,,,,,,3907,,,,,,,,,,
2021-06-30,8,,,,,,,,,,,3909,,,,,,,,,,
2021-07-01,26,,,,,,,,,,,5737,,,,,,,,,,
2021-07-02,11,,,,,,,,,,,3984,,,,,,,,,,
2021-07-03,17,,,,,,,,,,,3943,,,,,,,,,,
2021-07-04,21,,,,,,,,,,,5157,,,,,,,,,,
2021-07-05,24,,,,,,,,,,,4321,,,,,,,,,,
2021-07-06,21,,,,,,,,,,,5143,,,,,,,,,,
2021-07-07,33,,,,,,,,,,,4498,,,,,,,,,,
2021-07-08,32,,,,,,,,,,,4207,,,,,,,,,,
2021-07-09,29,,,,,,,,,,,4022,,,,,,,,,,
2021-07-10,22,,,,,,,,,,,4040,,,,,,,,,,
2021-07-11,26,,,,,,,,,,,4123,,,,,,,,,,
2021-07-12,16,,,,,,,,,,,4282,,,,,,,,,,
2021-07-13,20,,,,,,,,,,,4357,,,,,,,,,,
2021-07-14,37,,,,,,,,,,,4071,,,,,,,,,,
2021-07-15,12,,,,,,,,,,,4439,,,,,,,,,,
2021-07-16,10,,,,,,,,,,,4301,,,,,,,,,,
2021-07-17,32,,,,,,,,,,,3921,,,,,,,,,,
2021-07-18,29,,,,,,,,,,,4495,,,,,,,,,,
2021-07-19,28,,,,,,,,,,,4345,,,,,,,,,,
2021-07-20,13,,,,,,,,,,,4017,,,,,,,,,,
2021-07-21,20,,,,,,,,,,,3968,,,,,,,,,,
2021-07-22,25,,,,,,,,,,,3840,,,,,,,,,,
2021-07-23,30,,,,,,,,,,,4203,,,,,,,,,,
2021-07-24,35,,,,,,,,,,,3996,,,,,,,,,,
2021-07-25,33,,,,,,,,,,,4128,,,,,,,,,,
2021-07-26,25,,,,,,,,,,,3898,,,,,,,,,,
2021-07-27,198,,,,,,,,,,,3721,,,,,,,,,,
2021-07-28,25,,,,,,,,,,,3831,,,,,,,,,,
2021-07-29,27,,,,,,,,,,,6367,,,,,,,,,,
2021-07-30,28,,,,,,,,,,,3908,,,,,,,,,,
2021-07-31,31,,,,,,,,,,,3522,,,,,,,,,,
2021-08-01,24,,,,,,,,,,,3725,,,,,,,,,,
2021-08-02,38,,,,,,,,,,,4050,,,,,,,,,,
2021-08-03,18,,,,,,,,,,,3833,,,,,,,,,,
2021-08-04,16,,,,,,,,,,,4222,,,,,,,,,,
2021-08-05,24,,,,,,,,,,,3855,,,,,,,,,,
2021-08-06,20,,,,,,,,,,,3852,,,,,,,,,,
2021-08-07,21,,,,,,,,,,,3551,,,,,,,,,,
2021-08-08,21,,,,,,,,,,,4386,,,,,,,,,,
2021-08-09,28,,,,,,,,,,,5722,,,,,,,,,,
2021-08-10,26,,,,,,,,,,,4970,,,,,,,,,,
2021-08-11,24,,,,,,,,,,,5094,,,,,,,,,,
2021-08-12,23,,,,,,,,,,,5775,,,,,,,,,,
2021-08-13,15,,,,,,,,,,,5259,,,,,,,,,,
2021-08-14,14,,,,,,,,,,,7226,,,,,,,,,,
2021-08-15,19,,,,,,,,,,,6091,,,,,,,,,,
2021-08-16,17,,,,,,,,,,,5536,,,,,,,,,,
2021-08-17,22,,,,,,,,,,,5151,,,,,,,,,,
2021-08-18,33,,,,,,,,,,,4619,,,,,,,,,,
2021-08-19,60,,,,,,,,,,,4599,,,,,,,,,,
2021-08-20,46,,,,,,,,,,,4216,,,,,,,,,,
2021-08-21,60,,,,,,,,,,,3897,,,,,,,,,,
2021-08-22,20,,,,,,,,,,,5879,,,,,,,,,,
2021-08-23,26,,,,,,,,,,,4458,,,,,,,,,,
2021-08-24,37,,,,,,,,,,,4299,,,,,,,,,,
2021-08-25,19,,,,,,,,,,,4857,,,,,,,,,,
2021-08-26,25,,,,,,,,,,,4417,,,,,,,,,,
2021-08-27,25,,,,,,,,,,,3980,,,,,,,,,,
2021-08-28,27,,,,,,,,,,,3884,,,,,,,,,,
2021-08-29,30,,,,,,,,,,,4258,,,,,,,,,,
2021-08-30,30,,,,,,,,,,,4332,,,,,,,,,,
2021-08-31,43,,,,,,,,,,,4223,,,,,,,,,,
2021-09-01,22,,,,,,,,,,,4188,,,,,,,,,,
2021-09-02,31,,,,,,,,,,,4417,,,,,,,,,,
2021-09-03,23,,,,,,,,,,,4216,,,,,,,,,,
2021-09-04,31,,,,,,,,,,,3812,,,,,,,,,,
2021-09-05,27,,,,,,,,,,,4795,,,,,,,,,,
2021-09-06,26,,,,,,,,,,,4832,,,,,,,,,,
2021-09-07,15,,,,,,,,,,,4523,,,,,,,,,,
2021-09-08,41,,,,,,,,,,,10875,,,,,,,,,,
2021-09-09,43,,,,,,,,,,,5471,,,,,,,,,,
2021-09-10,35,,,,,,,,,,,4964,,,,,,,,,,
2021-09-11,24,,,,,,,,,,,3633,,,,,,,,,,
2021-09-12,18,,,,,,,,,,,3938,,,,,,,,,,
2021-09-13,44,,,,,,,,,,,4168,,,,,,,,,,
2021-09-14,31,,,,,,,,,,,4155,,,,,,,,,,
2021-09-15,30,,,,,,,,,,,4727,,,,,,,,,,
2021-09-16,27,,,,,,,,,,,4337,,,,,,,,,,
2021-09-17,46,,,,,,,,,,,4435,,,,,,,,,,
2021-09-18,35,,,,,,,,,,,3726,,,,,,,,,,
2021-09-19,14,,,,,,,,,,,4012,,,,,,,,,,
2021-09-20,25,,,,,,,,,,,8544,,,,,,,,,,
2021-09-21,19,,,,,,,,,,,6487,,,,,,,,,,
2021-09-22,19,,,,,,,,,,,4735,,,,,,,,,,
2021-09-23,22,,,,,,,,,,,4771,,,,,,,,,,
2021-09-24,51,,,,,,,,,,,4354,,,,,,,,,,
2021-09-25,13,,,,,,,,,,,4383,,,,,,,,,,
2021-09-26,28,,,,,,,,,,,6540,,,,,,,,,,
2021-09-27,29,,,,,,,,,,,6654,,,,,,,,,,
2021-09-28,28,,,,,,,,,,,5562,,,,,,,,,,
2021-09-29,33,,,,,,,,,,,4808,,,,,,,,,,
2021-09-30,28,,,,,,,,,,,4407,,,,,,,,,,
2021-10-01,34,,,,,,,,,,,4018,,,,,,,,,,
2021-10-02,46,,,,,,,,,,,3635,,,,,,,,,,
2021-10-03,28,,,,,,,,,,,3861,,,,,,,,,,
2021-10-04,44,,,,,,,,,,,4120,,,,,,,,,,
2021-10-05,30,,,,,,,,,,,3906,,,,,,,,,,
2021-10-06,22,,,,,,,,,,,3901,,,,,,,,,,
2021-10-07,35,,,,,,,,,,,4104,,,,,,,,,,
2021-10-08,22,,,,,,,,,,,3954,,,,,,,,,,
2021-10-09,31,,,,,,,,,,,4011,,,,,,,,,,
2021-10-10,29,,,,,,,,,,,4048,,,,,,,,,,
2021-10-11,27,,,,,,,,,,,4026,,,,,,,,,,
2021-10-12,18,,,,,,,,,,,3836,,,,,,,,,,
2021-10-13,29,,,,,,,,,,,4624,,,,,,,,,,
2021-10-14,49,,,,,,,,,,,4170,,,,,,,,,,
2021-10-15,32,,,,,,,,,,,4326,,,,,,,,,,
2021-10-16,48,,,,,,,,,,,3570,,,,,,,,,,
2021-10-17,42,,,,,,,,,,,3736,,,,,,,,,,
2021-10-18,34,,,,,,,,,,,4087,,,,,,,,,,
2021-10-19,23,,,,,,,,,,,3733,,,,,,,,,,
2021-10-20,20,,,,,,,,,,,3597,,,,,,,,,,
2021-10-21,23,,,,,,,,,,,3944,,,,,,,,,,
2021-10-22,32,,,,,,,,,,,3791,,,,,,,,,,
2021-10-23,25,,,,,,,,,,,3420,,,,,,,,,,
2021-10-24,18,,,,,,,,,,,3495,,,,,,,,,,
2021-10-25,9,,,,,,,,,,,4099,,,,,,,,,,
2021-10-26,25,,,,,,,,,,,4075,,,,,,,,,,
2021-10-27,38,,,,,,,,,,,4019,,,,,,,,,,
2021-10-28,26,,,,,,,,,,,3940,,,,,,,,,,
2021-10-29,28,,,,,,,,,,,3575,,,,,,,,,,
2021-10-30,23,,,,,,,,,,,3589,,,,,,,,,,
2021-10-31,29,,,,,,,,,,,3893,,,,,,,,,,
2021-11-01,35,,,,,,,,,,,4190,,,,,,,,,,
2021-11-02,20,,,,,,,,,,,3865,,,,,,,,,,
2021-11-03,26,,,,,,,,,,,3583,,,,,,,,,,
2021-11-04,17,,,,,,,,,,,3662,,,,,,,,,,
2021-11-05,33,,,,,,,,,,,3740,,,,,,,,,,
2021-11-06,22,,,,,,,,,,,3798,,,,,,,,,,
2021-11-07,30,,,,,,,,,,,4391,,,,,,,,,,
2021-11-08,32,,,,,,,,,,,4766,,,,,,,,,,
2021-11-09,48,,,,,,,,,,,4985,,,,,,,,,,
2021-11-10,23,,,,,,,,,,,4106,,,,,,,,,,
2021-11-11,30,,,,,,,,,,,4041,,,,,,,,,,
2021-11-12,23,,,,,,,,,,,3579,,,,,,,,,,
2021-11-13,23,,,,,,,,,,,3215,,,,,,,,,,
2021-11-14,14,,,,,,,,,,,3947,,,,,,,,,,
2021-11-15,30,,,,,,,,,,,3870,,,,,,,,,,
2021-11-16,14,,,,,,,,,,,3678,,,,,,,,,,
2021-11-17,40,,,,,,,,,,,3576,,,,,,,,,,
2021-11-18,36,,,,,,,,,,,3733,,,,,,,,,,
2021-11-19,29,,,,,,,,,,,3351,,,,,,,,,,
2021-11-20,25,,,,,,,,,,,3215,,,,,,,,,,
2021-11-21,20,,,,,,,,,,,3324,,,,,,,,,,
2021-11-22,25,,,,,,,,,,,3752,,,,,,,,,,
2021-11-23,26,,,,,,,,,,,3469,,,,,,,,,,
2021-11-24,38,,,,,,,,,,,3503,,,,,,,,,,
2021-11-25,41,,,,,,,,,,,3426,,,,,,,,,,
2021-11-26,34,,,,,,,,,,,3662,,,,,,,,,,
2021-11-27,23,,,,,,,,,,,3531,,,,,,,,,,
2021-11-28,31,,,,,,,,,,,3461,,,,,,,,,,
2021-11-29,28,,,,,,,,,,,5291,,,,,,,,,,
2021-11-30,16,,,,,,,,,,,4050,,,,,,,,,,
2021-12-01,27,,,,,,,,,,,3638,,,,,,,,,,
2021-12-02,33,,,,,,,,,,,3748,,,,,,,,,,
2021-12-03,37,,,,,,,,,,,3463,,,,,,,,,,
2021-12-04,31,,,,,,,,,,,3161,,,,,,,,,,
2021-12-05,14,,,,,,,,,,,3435,,,,,,,,,,
2021-12-06,26,,,,,,,,,,,3412,,,,,,,,,,
2021-12-07,38,,,,,,,,,,,3526,,,,,,,,,,
2021-12-08,32,,,,,,,,,,,3250,,,,,,,,,,
2021-12-09,14,,,,,,,,,,,3347,,,,,,,,,,
2021-12-10,25,,,,,,,,,,,3033,,,,,,,,,,
2021-12-11,50,,,,,,,,,,,3015,,,,,,,,,,
2021-12-12,25,,,,,,,,,,,3118,,,,,,,,,,
2021-12-13,11,,,,,,,,,,,3207,,,,,,,,,,
2021-12-14,25,,,,,,,,,,,3552,,,,,,,,,,
2021-12-15,19,,,,,,,,,,,3522,,,,,,,,,,
2021-12-16,29,,,,,,,,,,,2976,,,,,,,,,,
2021-12-17,32,,,,,,,,,,,3096,,,,,,,,,,
2021-12-18,21,,,,,,,,,,,3287,,,,,,,,,,
2021-12-19,33,,,,,,,,,,,2982,,,,,,,,,,
2021-12-20,29,,,,,,,,,,,3029,,,,,,,,,,
2021-12-21,25,,,,,,,,,,,3134,,,,,,,,,,
2021-12-22,23,,,,,,,,,,,3132,,,,,,,,,,
2021-12-23,16,,,,,,,,,,,3045,,,,,,,,,,
2021-12-24,14,,,,,,,,,,,3008,,,,,,,,,,
2021-12-25,38,,,,,,,,,,,2965,,,,,,,,,,
2021-12-26,31,,,,,,,,,,,3325,,,,,,,,,,
2021-12-27,25,,,,,,,,,,,3300,,,,,,,,,,
2021-12-28,22,,,,,,,,,,,3358,,,,,,,,,,
2021-12-29,28,,,,,,,,,,,3123,,,,,,,,,,
2021-12-30,15,,,,,,,,,,,3403,,,,,,,,,,
2021-12-31,19,,,,,,,,,,,2850,,,,,,,,,,
2022-01-01,21,,,,,,,,,,,4097,,,,,,,,,,
2022-01-02,44,,,,,,,,,,,3914,,,,,,,,,,
2022-01-03,28,,,,,,,,,,,3892,,,,,,,,,,
2022-01-04,26,,,,,,,,,,,3397,,,,,,,,,,
2022-01-05,24,,,,,,,,,,,3503,,,,,,,,,,
2022-01-06,38,,,,,,,,,,,3520,,,,,,,,,,
2022-01-07,38,,,,,,,,,,,3394,,,,,,,,,,
2022-01-08,51,,,,,,,,,,,3365,,,,,,,,,,
2022-01-09,45,,,,,,,,,,,3690,,,,,,,,,,
2022-01-10,30,,,,,,,,,,,3762,,,,,,,,,,
2022-01-11,30,,,,,,,,,,,3780,,,,,,,,,,
2022-01-12,24,,,,,,,,,,,5422,,,,,,,,,,
2022-01-13,32,,,,,,,,,,,4050,,,,,,,,,,
2022-01-14,39,,,,,,,,,,,3950,,,,,,,,,,
2022-01-15,35,,,,,,,,,,,3501,,,,,,,,,,
2022-01-16,20,,,,,,,,,,,3882,,,,,,,,,,
2022-01-17,28,,,,,,,,,,,4279,,,,,,,,,,
2022-01-18,29,,,,,,,,,,,4296,,,,,,,,,,
2022-01-19,36,,,,,,,,,,,4128,,,,,,,,,,
2022-01-20,38,,,,,,,,,,,4278,,,,,,,,,,
2022-01-21,27,,,,,,,,,,,4403,,,,,,,,,,
2022-01-22,16,,,,,,,,,,,3851,,,,,,,,,,
2022-01-23,41,,,,,,,,,,,3812,,,,,,,,,,
2022-01-24,26,,,,,,,,,,,4075,,,,,,,,,,
2022-01-25,27,,,,,,,,,,,4071,,,,,,,,,,
2022-01-26,20,,,,,,,,,,,5701,,,,,,,,,,
2022-01-27,37,,,,,,,,,,,4227,,,,,,,,,,
2022-01-28,39,,,,,,,,,,,4205,,,,,,,,,,
2022-01-29,31,,,,,,,,,,,3770,,,,,,,,,,
2022-01-30,25,,,,,,,,,,,3852,,,,,,,,,,
2022-01-31,33,,,,,,,,,,,4066,,,,,,,,,,
2022-02-01,40,,,,,,,,,,,4004,,,,,,,,,,
2022-02-02,40,,,,,,,,,,,4212,,,,,,,,,,
2022-02-03,35,,,,,,,,,,,3920,,,,,,,,,,
2022-02-04,35,,,,,,,,,,,3777,,,,,,,,,,
2022-02-05,22,,,,,,,,,,,3645,,,,,,,,,,
2022-02-06,24,,,,,,,,,,,4027,,,,,,,,,,
2022-02-07,15,,,,,,,,,,,4058,,,,,,,,,,
2022-02-08,43,,,,,,,,,,,4080,,,,,,,,,,
2022-02-09,34,,,,,,,,,,,3936,,,,,,,,,,
2022-02-10,34,,,,,,,,,,,4020,,,,,,,,,,
2022-02-11,29,,,,,,,,,,,3771,,,,,,,,,,
2022-02-12,22,,,,,,,,,,,3282,,,,,,,,,,
2022-02-13,34,,,,,,,,,,,3992,,,,,,,,,,
2022-02-14,35,,,,,,,,,,,3566,,,,,,,,,,
2022-02-15,20,,,,,,,,,,,3623,,,,,,,,,,
2022-02-16,33,,,,,,,,,,,3759,,,,,,,,,,
2022-02-17,34,,,,,,,,,,,3940,,,,,,,,,,
2022-02-18,31,,,,,,,,,,,3931,,,,,,,,,,
2022-02-19,50,,,,,,,,,,,3843,,,,,,,,,,
2022-02-20,58,,,,,,,,,,,3790,,,,,,,,,,
2022-02-21,25,,,,,,,,,,,4421,,,,,,,,,,
2022-02-22,44,,,,,,,,,,,4765,,,,,,,,,,
2022-02-23,136,,,,,,,,,,,4418,,,,,,,,,,
2022-02-24,211,,,,,,,,,,,4070,,,,,,,,,,
2022-02-25,202,,,,,,,,,,,3661,,,,,,,,,,
2022-02-26,177,,,,,,,,,,,3486,,,,,,,,,,
2022-02-27,169,,,,,,,,,,,3441,,,,,,,,,,
2022-02-28,247,,,,,,,,,,,3686,,,,,,,,,,
2022-03-01,70,,,,,,,,,,,3924,,,,,,,,,,
2022-03-02,153,,,,,,,,,,,3847,,,,,,,,,,
2022-03-03,141,,,,,,,,,,,3705,,,,,,,,,,
2022-03-04,129,,,,,,,,,,,3382,,,,,,,,,,
2022-03-05,86,,,,,,,,,,,3360,,,,,,,,,,
2022-03-06,93,,,,,,,,,,,4891,,,,,,,,,,
2022-03-07,110,,,,,,,,,,,3899,,,,,,,,,,
2022-03-08,100,,,,,,,,,,,4198,,,,,,,,,,
2022-03-09,97,,,,,,,,,,,6030,,,,,,,,,,
2022-03-10,99,,,,,,,,,,,4723,,,,,,,,,,
2022-03-11,88,,,,,,,,,,,3717,,,,,,,,,,
2022-03-12,95,,,,,,,,,,,3820,,,,,,,,,,
2022-03-13,79,,,,,,,,,,,4827,,,,,,,,,,
2022-03-14,84,,,,,,,,,,,4455,,,,,,,,,,
2022-03-15,83,,,,,,,,,,,4039,,,,,,,,,,
2022-03-16,77,,,,,,,,,,,4359,,,,,,,,,,
2022-03-17,103,,,,,,,,,,,4218,,,,,,,,,,
2022-03-18,64,,,,,,,,,,,3840,,,,,,,,,,
2022-03-19,63,,,,,,,,,,,3888,,,,,,,,,,
2022-03-20,52,,,,,,,,,,,4100,,,,,,,,,,
2022-03-21,51,,,,,,,,,,,4095,,,,,,,,,,
2022-03-22,61,,,,,,,,,,,3996,,,,,,,,,,
2022-03-23,58,,,,,,,,,,,4215,,,,,,,,,,
2022-03-24,67,,,,,,,,,,,4172,,,,,,,,,,
2022-03-25,39,,,,,,,,,,,4070,,,,,,,,,,
2022-03-26,61,,,,,,,,,,,3517,,,,,,,,,,
2022-03-27,63,,,,,,,,,,,3809,,,,,,,,,,
2022-03-28,50,,,,,,,,,,,5364,,,,,,,,,,
2022-03-29,55,,,,,,,,,,,4266,,,,,,,,,,
2022-03-30,46,,,,,,,,,,,4873,,,,,,,,,,
2022-03-31,43,,,,,,,,,,,4080,,,,,,,,,,
2022-04-01,39,,,,,,,,,,,3757,,,,,,,,,,
2022-04-02,36,,,,,,,,,,,3924,,,,,,,,,,
2022-04-03,39,,,,,,,,,,,5433,,,,,,,,,,
2022-04-04,47,,,,,,,,,,,4633,,,,,,,,,,
2022-04-05,51,,,,,,,,,,,6083,,,,,,,,,,
2022-04-06,67,,,,,,,,,,,7062,,,,,,,,,,
2022-04-07,66,,,,,,,,,,,5266,,,,,,,,,,
2022-04-08,82,,,,,,,,,,,4297,,,,,,,,,,
2022-04-09,57,,,,,,,,,,,4185,,,,,,,,,,
2022-04-10,47,,,,,,,,,,,3852,,,,,,,,,,
2022-04-11,75,,,,,,,,,,,4102,,,,,,,,,,
2022-04-12,97,,,,,,,,,,,4363,,,,,,,,,,
2022-04-13,71,,,,,,,,,,,7420,,,,,,,,,,
2022-04-14,84,,,,,,,,,,,79357,,,,,,,,,,
2022-04-15,77,,,,,,,,,,,41219,,,,,,,,,,
2022-04-16,67,,,,,,,,,,,22621,,,,,,,,,,
2022-04-17,54,,,,,,,,,,,19777,,,,,,,,,,
2022-04-18,64,,,,,,,,,,,16122,,,,,,,,,,
2022-04-19,56,,,,,,,,,,,13756,,,,,,,,,,
2022-04-20,50,,,,,,,,,,,10152,,,,,,,,,,
2022-04-21,33,,,,,,,,,,,7527,,,,,,,,,,
2022-04-22,29,,,,,,,,,,,7017,,,,,,,,,,
2022-04-23,43,,,,,,,,,,,6670,,,,,,,,,,
2022-04-24,56,,,,,,,,,,,6613,,,,,,,,,,
2022-04-25,36,,,,,,,,,,,6212,,,,,,,,,,
2022-04-26,44,,,,,,,,,,,5127,,,,,,,,,,
2022-04-27,39,,,,,,,,,,,5264,,,,,,,,,,
2022-04-28,33,,,,,,,,,,,5620,,,,,,,,,,
2022-04-29,43,,,,,,,,,,,5223,,,,,,,,,,
2022-04-30,41,,,,,,,,,,,4783,,,,,,,,,,
2022-05-01,22,,,,,,,,,,,6590,,,,,,,,,,
2022-05-02,34,,,,,,,,,,,5693,,,,,,,,,,
2022-05-03,81,,,,,,,,,,,6418,,,,,,,,,,
2022-05-04,53,,,,,,,,,,,5928,,,,,,,,,,
2022-05-05,28,,,,,,,,,,,4388,,,,,,,,,,
2022-05-06,25,,,,,,,,,,,4255,,,,,,,,,,
2022-05-07,33,,,,,,,,,,,4193,,,,,,,,,,
2022-05-08,21,,,,,,,,,,,7337,,,,,,,,,,
2022-05-09,41,,,,,,,,,,,6866,,,,,,,,,,
2022-05-10,26,,,,,,,,,,,7867,,,,,,,,,,
2022-05-11,35,,,,,,,,,,,4981,,,,,,,,,,
2022-05-12,31,,,,,,,,,,,5291,,,,,,,,,,
2022-05-13,53,,,,,,,,,,,4815,,,,,,,,,,
2022-05-14,25,,,,,,,,,,,5042,,,,,,,,,,
2022-05-15,37,,,,,,,,,,,4688,,,,,,,,,,
2022-05-16,35,,,,,,,,,,,4845,,,,,,,,,,
2022-05-17,32,,,,,,,,,,,5164,,,,,,,,,,
2022-05-18,40,,,,,,,,,,,4253,,,,,,,,,,
2022-05-19,58,,,,,,,,,,,4417,,,,,,,,,,
2022-05-20,30,,,,,,,,,,,5236,,,,,,,,,,
2022-05-21,79,,,,,,,,,,,4286,,,,,,,,,,
2022-05-22,38,,,,,,,,,,,4128,,,,,,,,,,
2022-05-23,29,,,,,,,,,,,4556,,,,,,,,,,
2022-05-24,50,,,,,,,,,,,4498,,,,,,,,,,
2022-05-25,40,,,,,,,,,,,4147,,,,,,,,,,
2022-05-26,40,,,,,,,,,,,4477,,,,,,,,,,
2022-05-27,26,,,,,,,,,,,4300,,,,,,,,,,
2022-05-28,31,,,,,,,,,,,3794,,,,,,,,,,
2022-05-29,33,,,,,,,,,,,4122,,,,,,,,,,
2022-05-30,50,,,,,,,,,,,4452,,,,,,,,,,
2022-05-31,45,,,,,,,,,,,5242,,,,,,,,,,
2022-06-01,40,,,,,,,,,,,5720,,,,,,,,,,
2022-06-02,34,,,,,,,,,,,5087,,,,,,,,,,
2022-06-03,27,,,,,,,,,,,4346,,,,,,,,,,
2022-06-04,45,,,,,,,,,,,4002,,,,,,,,,,
2022-06-05,38,,,,,,,,,,,4798,,,,,,,,,,
2022-06-06,,,,,,,,,,,,,,,,,,,,,,
